timestamp,pressure_hPa,relative_altitude_m
2025-09-10T06:58:05Z,1010.2,0.000
2025-09-10T06:58:06Z,1010.2,-0.127
2025-09-10T06:58:07Z,1010.2,-0.256
2025-09-10T06:58:08Z,1010.3,-0.499
2025-09-10T06:58:09Z,1010.3,-0.650
2025-09-10T06:58:10Z,1010.3,-0.737
2025-09-10T06:58:11Z,1010.3,-0.737
2025-09-10T06:58:12Z,1010.3,-0.700
2025-09-10T06:58:13Z,1010.3,-0.573
2025-09-10T06:58:14Z,1010.2,-0.417
2025-09-10T06:58:15Z,1010.2,-0.256
2025-09-10T06:58:17Z,1010.2,-0.098
2025-09-10T06:58:18Z,1010.2,0.029
2025-09-10T06:58:19Z,1010.2,0.082
2025-09-10T06:58:20Z,1010.2,0.132
2025-09-10T06:58:21Z,1010.2,0.188
2025-09-10T06:58:22Z,1010.2,0.217
2025-09-10T06:58:23Z,1010.2,0.225
2025-09-10T06:58:24Z,1010.2,0.217
2025-09-10T06:58:25Z,1010.2,0.214
2025-09-10T06:58:26Z,1010.2,0.196
2025-09-10T06:58:27Z,1010.2,0.196
2025-09-10T06:58:28Z,1010.2,0.203
2025-09-10T06:58:29Z,1010.2,0.206
2025-09-10T06:58:30Z,1010.2,0.209
2025-09-10T06:58:32Z,1010.2,0.209
2025-09-10T06:58:33Z,1010.2,0.201
2025-09-10T06:58:34Z,1010.2,0.201
2025-09-10T06:58:35Z,1010.2,0.201
2025-09-10T06:58:36Z,1010.2,0.214
2025-09-10T06:58:37Z,1010.2,0.235
2025-09-10T06:58:38Z,1010.2,0.235
2025-09-10T06:58:39Z,1010.2,0.227
2025-09-10T06:58:40Z,1010.2,0.217
2025-09-10T06:58:41Z,1010.2,0.182
2025-09-10T06:58:42Z,1010.2,0.108
2025-09-10T06:58:43Z,1010.2,0.000
2025-09-10T06:58:44Z,1010.2,-0.119
2025-09-10T06:58:46Z,1010.2,-0.235
2025-09-10T06:58:47Z,1010.2,-0.341
2025-09-10T06:58:48Z,1010.2,-0.415
2025-09-10T06:58:49Z,1010.2,-0.415
2025-09-10T06:58:50Z,1010.2,-0.396
2025-09-10T06:58:51Z,1010.2,-0.280
2025-09-10T06:58:52Z,1010.2,-0.127
2025-09-10T06:58:53Z,1010.2,0.045
2025-09-10T06:58:54Z,1010.2,0.196
2025-09-10T06:58:55Z,1010.2,0.296
2025-09-10T06:58:56Z,1010.2,0.317
2025-09-10T06:58:57Z,1010.2,0.317
2025-09-10T06:58:58Z,1010.2,0.301
2025-09-10T06:59:00Z,1010.2,0.285
2025-09-10T06:59:01Z,1010.2,0.270
2025-09-10T06:59:02Z,1010.2,0.235
2025-09-10T06:59:03Z,1010.2,0.214
2025-09-10T06:59:04Z,1010.2,0.198
2025-09-10T06:59:05Z,1010.2,0.196
2025-09-10T06:59:06Z,1010.2,0.196
2025-09-10T06:59:07Z,1010.2,0.211
2025-09-10T06:59:08Z,1010.2,0.246
2025-09-10T06:59:09Z,1010.2,0.251
2025-09-10T06:59:10Z,1010.2,0.259
2025-09-10T06:59:11Z,1010.2,0.275
2025-09-10T06:59:12Z,1010.2,0.280
2025-09-10T06:59:13Z,1010.2,0.283
2025-09-10T06:59:15Z,1010.2,0.283
2025-09-10T06:59:16Z,1010.2,0.283
2025-09-10T06:59:17Z,1010.2,0.259
2025-09-10T06:59:18Z,1010.2,0.230
2025-09-10T06:59:19Z,1010.2,0.201
2025-09-10T06:59:20Z,1010.2,0.190
2025-09-10T06:59:21Z,1010.2,0.190
2025-09-10T06:59:22Z,1010.2,0.190
2025-09-10T06:59:23Z,1010.2,0.211
2025-09-10T06:59:24Z,1010.2,0.233
2025-09-10T06:59:25Z,1010.2,0.233
2025-09-10T06:59:26Z,1010.2,0.230
2025-09-10T06:59:27Z,1010.2,0.201
2025-09-10T06:59:29Z,1010.2,0.166
2025-09-10T06:59:30Z,1010.2,0.143
2025-09-10T06:59:31Z,1010.2,0.129
2025-09-10T06:59:32Z,1010.2,0.129
2025-09-10T06:59:33Z,1010.2,0.145
2025-09-10T06:59:34Z,1010.2,0.148
2025-09-10T06:59:35Z,1010.2,0.166
2025-09-10T06:59:36Z,1010.2,0.174
2025-09-10T06:59:37Z,1010.2,0.174
2025-09-10T06:59:38Z,1010.2,0.166
2025-09-10T06:59:39Z,1010.2,0.159
2025-09-10T06:59:40Z,1010.2,0.145
2025-09-10T06:59:41Z,1010.2,0.114
2025-09-10T06:59:43Z,1010.2,0.111
2025-09-10T06:59:44Z,1010.2,0.100
2025-09-10T06:59:45Z,1010.2,0.085
2025-09-10T06:59:46Z,1010.2,0.053
2025-09-10T06:59:47Z,1010.2,0.034
2025-09-10T06:59:48Z,1010.2,-0.011
2025-09-10T06:59:49Z,1010.2,-0.037
2025-09-10T06:59:50Z,1010.2,-0.037
2025-09-10T06:59:51Z,1010.2,-0.011
2025-09-10T06:59:52Z,1010.2,0.032
2025-09-10T06:59:53Z,1010.2,0.103
2025-09-10T06:59:54Z,1010.2,0.172
2025-09-10T06:59:55Z,1010.2,0.225
2025-09-10T06:59:57Z,1010.2,0.243
2025-09-10T06:59:58Z,1010.2,0.251
2025-09-10T06:59:59Z,1010.2,0.251
2025-09-10T07:00:00Z,1010.2,0.233
2025-09-10T07:00:01Z,1010.2,0.225
2025-09-10T07:00:02Z,1010.2,0.217
2025-09-10T07:00:03Z,1010.2,0.214
2025-09-10T07:00:04Z,1010.2,0.198
2025-09-10T07:00:05Z,1010.2,0.174
2025-09-10T07:00:06Z,1010.2,0.172
2025-09-10T07:00:07Z,1010.2,0.164
2025-09-10T07:00:08Z,1010.2,0.164
2025-09-10T07:00:09Z,1010.2,0.180
2025-09-10T07:00:10Z,1010.2,0.214
2025-09-10T07:00:12Z,1010.2,0.240
2025-09-10T07:00:13Z,1010.2,0.272
2025-09-10T07:00:14Z,1010.2,0.288
2025-09-10T07:00:15Z,1010.2,0.288
2025-09-10T07:00:16Z,1010.2,0.275
2025-09-10T07:00:17Z,1010.2,0.259
2025-09-10T07:00:18Z,1010.2,0.251
2025-09-10T07:00:19Z,1010.2,0.219
2025-09-10T07:00:20Z,1010.2,0.132
2025-09-10T07:00:21Z,1010.2,-0.018
2025-09-10T07:00:22Z,1010.2,-0.193
2025-09-10T07:00:23Z,1010.2,-0.402
2025-09-10T07:00:24Z,1010.3,-0.602
2025-09-10T07:00:26Z,1010.3,-0.732
2025-09-10T07:00:27Z,1010.3,-0.732
2025-09-10T07:00:28Z,1010.3,-0.626
2025-09-10T07:00:29Z,1010.2,-0.396
2025-09-10T07:00:30Z,1010.2,-0.119
2025-09-10T07:00:31Z,1010.2,0.116
2025-09-10T07:00:32Z,1010.2,0.320
2025-09-10T07:00:33Z,1010.2,0.320
2025-09-10T07:00:34Z,1010.2,0.317
2025-09-10T07:00:35Z,1010.2,0.230
2025-09-10T07:00:36Z,1010.2,0.159
2025-09-10T07:00:37Z,1010.2,0.087
2025-09-10T07:00:38Z,1010.2,0.050
2025-09-10T07:00:40Z,1010.2,0.037
2025-09-10T07:00:41Z,1010.2,0.037
2025-09-10T07:00:42Z,1010.2,0.037
2025-09-10T07:00:43Z,1010.2,0.037
2025-09-10T07:00:44Z,1010.2,0.071
2025-09-10T07:00:45Z,1010.2,0.116
2025-09-10T07:00:46Z,1010.2,0.153
2025-09-10T07:00:47Z,1010.2,0.209
2025-09-10T07:00:48Z,1010.2,0.264
2025-09-10T07:00:49Z,1010.2,0.283
2025-09-10T07:00:50Z,1010.2,0.293
2025-09-10T07:00:51Z,1010.2,0.291
2025-09-10T07:00:52Z,1010.2,0.291
2025-09-10T07:00:53Z,1010.2,0.280
2025-09-10T07:00:55Z,1010.2,0.277
2025-09-10T07:00:56Z,1010.2,0.267
2025-09-10T07:00:57Z,1010.2,0.267
2025-09-10T07:00:58Z,1010.2,0.267
2025-09-10T07:00:59Z,1010.2,0.267
2025-09-10T07:01:00Z,1010.2,0.291
2025-09-10T07:01:01Z,1010.2,0.325
2025-09-10T07:01:02Z,1010.1,0.375
2025-09-10T07:01:03Z,1010.1,0.407
2025-09-10T07:01:04Z,1010.1,0.457
2025-09-10T07:01:05Z,1010.1,0.462
2025-09-10T07:01:06Z,1010.1,0.462
2025-09-10T07:01:07Z,1010.1,0.441
2025-09-10T07:01:09Z,1010.1,0.396
2025-09-10T07:01:10Z,1010.2,0.325
2025-09-10T07:01:11Z,1010.2,0.256
2025-09-10T07:01:12Z,1010.2,0.211
2025-09-10T07:01:13Z,1010.2,0.182
2025-09-10T07:01:14Z,1010.2,0.182
2025-09-10T07:01:15Z,1010.2,0.198
2025-09-10T07:01:16Z,1010.2,0.225
2025-09-10T07:01:17Z,1010.2,0.254
2025-09-10T07:01:18Z,1010.2,0.256
2025-09-10T07:01:19Z,1010.2,0.264
2025-09-10T07:01:20Z,1010.2,0.264
2025-09-10T07:01:21Z,1010.2,0.270
2025-09-10T07:01:23Z,1010.2,0.270
2025-09-10T07:01:24Z,1010.2,0.267
2025-09-10T07:01:25Z,1010.2,0.222
2025-09-10T07:01:26Z,1010.2,0.129
2025-09-10T07:01:27Z,1010.2,0.011
2025-09-10T07:01:28Z,1010.2,-0.092
2025-09-10T07:01:29Z,1010.2,-0.196
2025-09-10T07:01:30Z,1010.2,-0.256
2025-09-10T07:01:31Z,1010.2,-0.256
2025-09-10T07:01:32Z,1010.2,-0.230
2025-09-10T07:01:33Z,1010.2,-0.161
2025-09-10T07:01:34Z,1010.2,-0.087
2025-09-10T07:01:35Z,1010.2,-0.024
2025-09-10T07:01:37Z,1010.2,0.034
2025-09-10T07:01:38Z,1010.2,0.079
2025-09-10T07:01:39Z,1010.2,0.103
2025-09-10T07:01:40Z,1010.2,0.103
2025-09-10T07:01:41Z,1010.2,0.114
2025-09-10T07:01:42Z,1010.2,0.137
2025-09-10T07:01:43Z,1010.2,0.164
2025-09-10T07:01:44Z,1010.2,0.211
2025-09-10T07:01:45Z,1010.2,0.267
2025-09-10T07:01:46Z,1010.2,0.309
2025-09-10T07:01:47Z,1010.2,0.341
2025-09-10T07:01:48Z,1010.1,0.375
2025-09-10T07:01:49Z,1010.1,0.375
2025-09-10T07:01:50Z,1010.2,0.367
2025-09-10T07:01:52Z,1010.2,0.354
2025-09-10T07:01:53Z,1010.2,0.322
2025-09-10T07:01:54Z,1010.2,0.272
2025-09-10T07:01:55Z,1010.2,0.172
2025-09-10T07:01:56Z,1010.2,0.029
2025-09-10T07:01:57Z,1010.2,-0.116
2025-09-10T07:01:58Z,1010.2,-0.270
2025-09-10T07:01:59Z,1010.2,-0.388
2025-09-10T07:02:00Z,1010.2,-0.388
2025-09-10T07:02:01Z,1010.2,-0.304
2025-09-10T07:02:02Z,1010.2,-0.166
2025-09-10T07:02:03Z,1010.2,-0.024
2025-09-10T07:02:04Z,1010.2,0.103
2025-09-10T07:02:06Z,1010.2,0.108
2025-09-10T07:02:07Z,1010.2,0.108
2025-09-10T07:02:08Z,1010.2,0.055
2025-09-10T07:02:09Z,1010.2,0.045
2025-09-10T07:02:10Z,1010.2,0.045
2025-09-10T07:02:11Z,1010.2,0.092
2025-09-10T07:02:12Z,1010.2,0.148
2025-09-10T07:02:13Z,1010.2,0.203
2025-09-10T07:02:14Z,1010.2,0.270
2025-09-10T07:02:15Z,1010.2,0.312
2025-09-10T07:02:16Z,1010.2,0.320
2025-09-10T07:02:17Z,1010.2,0.320
2025-09-10T07:02:18Z,1010.2,0.307
2025-09-10T07:02:20Z,1010.2,0.275
2025-09-10T08:23:10Z,1010.2,0.000
2025-09-10T08:23:11Z,1010.2,-0.026
2025-09-10T08:23:12Z,1010.2,-0.055
2025-09-10T08:23:13Z,1010.2,-0.071
2025-09-10T08:23:14Z,1010.2,-0.082
2025-09-10T08:23:15Z,1010.2,-0.087
2025-09-10T08:23:16Z,1010.2,-0.087
2025-09-10T08:23:17Z,1010.2,-0.082
2025-09-10T08:23:18Z,1010.2,-0.069
2025-09-10T08:23:19Z,1010.2,-0.066
2025-09-10T08:23:21Z,1010.2,-0.005
2025-09-10T08:23:22Z,1010.1,0.090
2025-09-10T08:23:23Z,1010.1,0.182
2025-09-10T08:23:24Z,1010.1,0.182
2025-09-10T08:23:25Z,1010.1,0.119
2025-09-10T08:23:26Z,1010.2,-0.024
2025-09-10T08:23:27Z,1010.2,-0.177
2025-09-10T08:23:28Z,1010.2,-0.243
2025-09-10T08:23:50Z,1010.2,0.000
2025-09-10T08:23:51Z,1010.2,-0.016
2025-09-10T08:23:52Z,1010.2,-0.032
2025-09-10T08:23:53Z,1010.2,-0.048
2025-09-10T08:23:54Z,1010.2,-0.055
2025-09-10T08:23:55Z,1010.2,-0.055
2025-09-10T08:23:56Z,1010.2,-0.050
2025-09-10T08:23:58Z,1010.2,-0.034
2025-09-10T08:23:59Z,1010.2,-0.021
2025-09-10T08:24:00Z,1010.2,-0.016
2025-09-10T08:24:01Z,1010.2,-0.013
2025-09-10T08:24:02Z,1010.2,-0.013
2025-09-10T08:24:03Z,1010.2,-0.032
2025-09-10T08:24:04Z,1010.2,-0.071
2025-09-10T08:24:05Z,1010.2,-0.098
2025-09-10T08:24:06Z,1010.2,-0.119
2025-09-10T08:24:07Z,1010.2,-0.190
2025-09-10T08:24:08Z,1010.2,-0.528
2025-09-10T08:24:09Z,1010.3,-0.856
2025-09-10T08:24:10Z,1010.3,-1.165
2025-09-10T08:24:12Z,1010.3,-1.477
2025-09-10T08:24:13Z,1010.4,-1.773
2025-09-10T08:24:14Z,1010.4,-1.773
2025-09-10T08:24:15Z,1010.4,-1.749
2025-09-10T08:24:16Z,1010.4,-1.747
2025-09-10T08:24:17Z,1010.4,-1.747
2025-09-10T08:24:18Z,1010.4,-1.747
2025-09-10T08:24:19Z,1010.4,-1.747
2025-09-10T08:24:20Z,1010.4,-1.712
2025-09-10T08:24:21Z,1010.4,-1.678
2025-09-10T08:24:22Z,1010.3,-1.620
2025-09-10T08:24:23Z,1010.3,-1.559
2025-09-10T08:24:24Z,1010.3,-1.530
2025-09-10T08:24:26Z,1010.3,-1.530
2025-09-10T08:24:27Z,1010.3,-1.533
2025-09-10T08:24:28Z,1010.3,-1.548
2025-09-10T08:24:29Z,1010.3,-1.580
2025-09-10T08:24:30Z,1010.3,-1.591
2025-09-10T08:24:31Z,1010.3,-1.601
2025-09-10T08:24:32Z,1010.3,-1.630
2025-09-10T08:24:33Z,1010.4,-1.670
2025-09-10T08:24:34Z,1010.4,-1.720
2025-09-10T08:24:35Z,1010.4,-1.765
2025-09-10T08:24:36Z,1010.4,-1.802
2025-09-10T08:24:37Z,1010.4,-1.826
2025-09-10T08:24:38Z,1010.4,-1.844
2025-09-10T08:24:39Z,1010.4,-1.889
2025-09-10T08:24:41Z,1010.4,-1.905
2025-09-10T08:24:42Z,1010.4,-1.950
2025-09-10T08:24:43Z,1010.4,-1.998
2025-09-10T08:24:44Z,1010.4,-2.040
2025-09-10T08:24:45Z,1010.4,-2.058
2025-09-10T08:24:46Z,1010.4,-2.101
2025-09-10T08:24:47Z,1010.4,-2.119
2025-09-10T08:24:48Z,1010.4,-2.148
2025-09-10T08:24:49Z,1010.4,-2.161
2025-09-10T08:24:50Z,1010.4,-2.161
2025-09-10T08:24:51Z,1010.4,-2.138
2025-09-10T08:24:52Z,1010.4,-2.124
2025-09-10T08:24:53Z,1010.4,-2.095
2025-09-10T08:24:55Z,1010.4,-2.056
2025-09-10T08:24:56Z,1010.4,-2.035
2025-09-10T08:24:57Z,1010.4,-2.003
2025-09-10T08:24:58Z,1010.4,-1.971
2025-09-10T08:24:59Z,1010.4,-1.958
2025-09-10T08:25:00Z,1010.4,-1.921
2025-09-10T08:25:01Z,1010.4,-1.881
2025-09-10T08:25:02Z,1010.4,-1.850
2025-09-10T08:25:03Z,1010.4,-1.810
2025-09-10T08:25:04Z,1010.4,-1.768
2025-09-10T08:25:05Z,1010.4,-1.731
2025-09-10T08:25:06Z,1010.4,-1.681
2025-09-10T08:25:07Z,1010.4,-1.644
2025-09-10T08:25:09Z,1010.3,-1.612
2025-09-10T08:25:10Z,1010.3,-1.570
2025-09-10T08:25:11Z,1010.3,-1.546
2025-09-10T08:25:12Z,1010.3,-1.540
2025-09-10T08:25:13Z,1010.3,-1.525
2025-09-10T08:25:14Z,1010.3,-1.525
2025-09-10T08:25:15Z,1010.3,-1.525
2025-09-10T08:25:16Z,1010.3,-1.419
2025-09-10T08:25:17Z,1010.3,-1.126
2025-09-10T08:25:18Z,1010.3,-0.816
2025-09-10T08:25:19Z,1010.2,-0.489
2025-09-10T08:25:20Z,1010.2,-0.156
2025-09-10T08:25:21Z,1010.1,0.063
2025-09-10T08:25:23Z,1010.1,0.082
2025-09-10T08:25:24Z,1010.1,0.082
2025-09-10T08:25:25Z,1010.1,0.071
2025-09-10T08:25:26Z,1010.1,0.071
2025-09-10T08:25:27Z,1010.1,0.061
2025-09-10T08:25:28Z,1010.1,0.055
2025-09-10T08:25:29Z,1010.1,0.050
2025-09-10T08:25:30Z,1010.1,0.042
2025-09-10T08:25:31Z,1010.1,0.042
2025-09-10T08:25:32Z,1010.1,0.042
2025-09-10T08:25:33Z,1010.2,0.034
2025-09-10T08:25:34Z,1010.2,0.034
2025-09-10T08:25:35Z,1010.2,0.037
2025-09-10T08:25:37Z,1010.2,0.037
2025-09-10T08:25:38Z,1010.2,0.024
2025-09-10T08:25:39Z,1010.2,0.021
2025-09-10T08:25:40Z,1010.2,0.021
2025-09-10T08:25:41Z,1010.2,0.008
2025-09-10T08:25:42Z,1010.2,-0.013
2025-09-10T08:25:43Z,1010.2,-0.034
2025-09-10T08:25:44Z,1010.2,-0.040
2025-09-10T08:25:45Z,1010.2,-0.074
2025-09-10T08:25:46Z,1010.2,-0.079
2025-09-10T08:25:47Z,1010.2,-0.100
2025-09-10T08:25:48Z,1010.2,-0.100
2025-09-10T08:25:49Z,1010.2,-0.100
2025-09-10T08:25:50Z,1010.2,-0.069
2025-09-10T08:25:52Z,1010.2,-0.050
2025-09-10T08:25:53Z,1010.2,-0.026
2025-09-10T08:25:54Z,1010.2,0.029
2025-09-10T08:25:55Z,1010.1,0.074
2025-09-10T08:25:56Z,1010.1,0.122
2025-09-10T08:25:57Z,1010.1,0.185
2025-09-10T08:25:58Z,1010.1,0.248
2025-09-10T08:25:59Z,1010.1,0.291
2025-09-10T08:26:00Z,1010.1,0.312
2025-09-10T08:26:01Z,1010.1,0.320
2025-09-10T08:26:02Z,1010.1,0.320
2025-09-10T08:26:03Z,1010.1,0.299
2025-09-10T08:26:04Z,1010.1,0.267
2025-09-10T08:26:06Z,1010.1,0.230
2025-09-10T08:26:07Z,1010.1,0.209
2025-09-10T08:26:08Z,1010.1,0.209
2025-09-10T08:26:09Z,1010.1,0.214
2025-09-10T08:26:10Z,1010.1,0.235
2025-09-10T08:26:11Z,1010.1,0.275
2025-09-10T08:26:12Z,1010.1,0.296
2025-09-10T08:26:13Z,1010.1,0.320
2025-09-10T08:26:14Z,1010.1,0.322
2025-09-10T08:26:15Z,1010.1,0.338
2025-09-10T08:26:16Z,1010.1,0.362
2025-09-10T08:26:17Z,1010.1,0.404
2025-09-10T08:26:18Z,1010.1,0.441
2025-09-10T08:26:20Z,1010.1,0.478
2025-09-10T08:26:21Z,1010.1,0.481
2025-09-10T08:26:22Z,1010.1,0.481
2025-09-10T08:26:23Z,1010.1,0.444
2025-09-10T08:26:24Z,1010.1,0.396
2025-09-10T08:26:25Z,1010.1,0.357
2025-09-10T08:26:26Z,1010.1,0.312
2025-09-10T08:26:27Z,1010.1,0.301
2025-09-10T08:26:28Z,1010.1,0.301
2025-09-10T08:26:29Z,1010.1,0.272
2025-09-10T08:26:30Z,1010.1,0.272
2025-09-10T08:26:31Z,1010.1,0.280
2025-09-10T08:26:32Z,1010.1,0.299
2025-09-10T08:26:34Z,1010.1,0.320
2025-09-10T08:26:35Z,1010.1,0.351
2025-09-10T08:26:36Z,1010.1,0.399
2025-09-10T08:26:37Z,1010.1,0.436
2025-09-10T08:26:38Z,1010.1,0.478
2025-09-10T08:26:39Z,1010.1,0.497
2025-09-10T08:26:40Z,1010.1,0.515
2025-09-10T08:26:41Z,1010.1,0.518
2025-09-10T08:26:42Z,1010.1,0.518
2025-09-10T08:26:43Z,1010.1,0.518
2025-09-10T08:26:44Z,1010.1,0.518
2025-09-10T08:26:45Z,1010.1,0.542
2025-09-10T08:26:46Z,1010.1,0.542
2025-09-10T08:26:48Z,1010.1,0.539
2025-09-10T08:26:49Z,1010.1,0.539
2025-09-10T08:26:50Z,1010.1,0.544
2025-09-10T08:26:51Z,1010.1,0.555
2025-09-10T08:26:52Z,1010.1,0.565
2025-09-10T08:26:53Z,1010.1,0.584
2025-09-10T08:26:54Z,1010.1,0.621
2025-09-10T08:26:55Z,1010.1,0.626
2025-09-10T08:26:56Z,1010.1,0.637
2025-09-10T08:26:57Z,1010.1,0.655
2025-09-10T08:26:58Z,1010.1,0.655
2025-09-10T08:26:59Z,1010.1,0.653
2025-09-10T08:27:00Z,1010.1,0.621
2025-09-10T08:27:01Z,1010.1,0.573
2025-09-10T08:27:03Z,1010.1,0.515
2025-09-10T08:27:04Z,1010.1,0.473
2025-09-10T08:27:05Z,1010.1,0.460
2025-09-10T08:27:06Z,1010.1,0.460
2025-09-10T08:27:07Z,1010.1,0.465
2025-09-10T08:27:08Z,1010.1,0.491
2025-09-10T08:27:09Z,1010.1,0.547
2025-09-10T08:27:10Z,1010.1,0.573
2025-09-10T08:27:11Z,1010.1,0.608
2025-09-10T08:27:12Z,1010.1,0.629
2025-09-10T08:27:13Z,1010.1,0.629
2025-09-10T08:27:14Z,1010.1,0.618
2025-09-10T08:27:15Z,1010.1,0.610
2025-09-10T08:27:17Z,1010.1,0.589
2025-09-10T08:27:18Z,1010.1,0.558
2025-09-10T08:27:19Z,1010.1,0.476
2025-09-10T08:27:20Z,1010.1,0.433
2025-09-10T08:27:21Z,1010.1,0.399
2025-09-10T08:27:22Z,1010.1,0.349
2025-09-10T08:27:23Z,1010.1,0.336
2025-09-10T08:27:24Z,1010.1,0.325
2025-09-10T08:27:25Z,1010.1,0.328
2025-09-10T08:27:26Z,1010.1,0.328
2025-09-10T08:27:27Z,1010.1,0.344
2025-09-10T08:27:28Z,1010.1,0.344
2025-09-10T08:27:29Z,1010.1,0.322
2025-09-10T08:27:31Z,1010.1,0.293
2025-09-10T08:27:32Z,1010.1,0.235
2025-09-10T08:27:33Z,1010.1,0.201
2025-09-10T08:27:34Z,1010.1,0.180
2025-09-10T08:27:35Z,1010.1,0.180
2025-09-10T08:27:36Z,1010.1,0.185
2025-09-10T08:27:37Z,1010.1,0.193
2025-09-10T08:27:38Z,1010.1,0.193
2025-09-10T08:27:39Z,1010.1,0.169
2025-09-10T08:27:40Z,1010.1,0.053
2025-09-10T08:27:41Z,1010.2,-0.069
2025-09-10T08:27:42Z,1010.2,-0.185
2025-09-10T08:27:43Z,1010.2,-0.288
2025-09-10T08:27:45Z,1010.2,-0.296
2025-09-10T08:27:46Z,1010.2,-0.296
2025-09-10T08:27:47Z,1010.2,-0.182
2025-09-10T08:27:48Z,1010.2,-0.066
2025-09-10T08:27:49Z,1010.1,0.040
2025-09-10T08:27:50Z,1010.1,0.135
2025-09-10T08:27:51Z,1010.1,0.164
2025-09-10T08:27:52Z,1010.1,0.164
2025-09-10T08:27:53Z,1010.1,0.156
2025-09-10T08:27:54Z,1010.1,0.153
2025-09-10T08:27:55Z,1010.1,0.153
2025-09-10T08:27:56Z,1010.1,0.137
2025-09-10T08:27:57Z,1010.1,0.129
2025-09-10T08:27:59Z,1010.1,0.116
2025-09-10T08:28:00Z,1010.1,0.111
2025-09-10T08:28:01Z,1010.1,0.103
2025-09-10T08:28:02Z,1010.1,0.090
2025-09-10T08:28:03Z,1010.1,0.090
2025-09-10T08:28:04Z,1010.1,0.090
2025-09-10T08:28:05Z,1010.1,0.098
2025-09-10T08:28:06Z,1010.1,0.103
2025-09-10T08:28:07Z,1010.1,0.129
2025-09-10T08:28:08Z,1010.1,0.151
2025-09-10T08:28:09Z,1010.1,0.161
2025-09-10T08:28:10Z,1010.1,0.174
2025-09-10T08:28:11Z,1010.1,0.185
2025-09-10T08:28:13Z,1010.1,0.201
2025-09-10T08:28:14Z,1010.1,0.219
2025-09-10T08:28:15Z,1010.1,0.235
2025-09-10T08:28:16Z,1010.1,0.256
2025-09-10T08:28:17Z,1010.1,0.270
2025-09-10T08:28:18Z,1010.1,0.283
2025-09-10T08:28:19Z,1010.1,0.288
2025-09-10T08:28:20Z,1010.1,0.296
2025-09-10T08:28:21Z,1010.1,0.312
2025-09-10T08:28:22Z,1010.1,0.333
2025-09-10T08:28:23Z,1010.1,0.346
2025-09-10T08:28:24Z,1010.1,0.346
2025-09-10T08:28:25Z,1010.1,0.362
2025-09-10T08:28:26Z,1010.1,0.373
2025-09-10T08:28:28Z,1010.1,0.396
2025-09-10T08:28:29Z,1010.1,0.410
2025-09-10T08:28:30Z,1010.1,0.412
2025-09-10T08:28:31Z,1010.1,0.412
2025-09-10T08:28:32Z,1010.1,0.402
2025-09-10T08:28:33Z,1010.1,0.394
2025-09-10T08:28:34Z,1010.1,0.378
2025-09-10T08:28:35Z,1010.1,0.378
2025-09-10T08:28:36Z,1010.1,0.391
2025-09-10T08:28:37Z,1010.1,0.399
2025-09-10T08:28:38Z,1010.1,0.402
2025-09-10T08:28:39Z,1010.1,0.407
2025-09-10T08:28:40Z,1010.1,0.415
2025-09-10T08:28:42Z,1010.1,0.423
2025-09-10T08:28:43Z,1010.1,0.423
2025-09-10T08:28:44Z,1010.1,0.402
2025-09-10T08:28:45Z,1010.1,0.402
2025-09-10T08:28:46Z,1010.1,0.399
2025-09-10T08:28:47Z,1010.1,0.391
2025-09-10T08:28:48Z,1010.1,0.391
2025-09-10T08:28:49Z,1010.1,0.415
2025-09-10T08:28:50Z,1010.1,0.420
2025-09-10T08:28:51Z,1010.1,0.436
2025-09-10T08:28:52Z,1010.1,0.447
2025-09-10T08:28:53Z,1010.1,0.449
2025-09-10T08:28:54Z,1010.1,0.460
2025-09-10T08:28:56Z,1010.1,0.470
2025-09-10T08:28:57Z,1010.1,0.481
2025-09-10T08:28:58Z,1010.1,0.484
2025-09-10T08:28:59Z,1010.1,0.513
2025-09-10T08:29:00Z,1010.1,0.526
2025-09-10T08:29:01Z,1010.1,0.534
2025-09-10T08:29:02Z,1010.1,0.560
2025-09-10T08:29:03Z,1010.1,0.587
2025-09-10T08:29:04Z,1010.1,0.613
2025-09-10T08:29:05Z,1010.1,0.629
2025-09-10T08:29:06Z,1010.1,0.629
2025-09-10T08:29:07Z,1010.1,0.602
2025-09-10T08:29:08Z,1010.1,0.579
2025-09-10T08:29:10Z,1010.1,0.563
2025-09-10T08:29:11Z,1010.1,0.542
2025-09-10T08:29:12Z,1010.1,0.521
2025-09-10T08:29:13Z,1010.1,0.518
2025-09-10T08:29:14Z,1010.1,0.499
2025-09-10T08:29:15Z,1010.1,0.484
2025-09-10T08:29:16Z,1010.1,0.465
2025-09-10T08:29:17Z,1010.1,0.465
2025-09-10T08:29:18Z,1010.1,0.465
2025-09-10T08:29:19Z,1010.1,0.489
2025-09-10T08:29:20Z,1010.1,0.499
2025-09-10T08:29:21Z,1010.1,0.515
2025-09-10T08:29:22Z,1010.1,0.526
2025-09-10T08:29:24Z,1010.1,0.547
2025-09-10T08:29:25Z,1010.1,0.547
2025-09-10T08:29:26Z,1010.1,0.563
2025-09-10T08:29:27Z,1010.1,0.587
2025-09-10T08:29:28Z,1010.1,0.610
2025-09-10T08:29:29Z,1010.1,0.634
2025-09-10T08:29:30Z,1010.1,0.655
2025-09-10T08:29:31Z,1010.1,0.679
2025-09-10T08:29:32Z,1010.1,0.703
2025-09-10T08:29:33Z,1010.1,0.705
2025-09-10T08:29:34Z,1010.1,0.716
2025-09-10T08:29:35Z,1010.1,0.716
2025-09-10T08:29:36Z,1010.1,0.719
2025-09-10T08:29:38Z,1010.1,0.719
2025-09-10T08:29:39Z,1010.1,0.716
2025-09-10T08:29:40Z,1010.1,0.713
2025-09-10T08:29:41Z,1010.1,0.713
2025-09-10T08:29:42Z,1010.1,0.769
2025-09-10T08:29:43Z,1010.1,0.819
2025-09-10T08:29:44Z,1010.0,0.877
2025-09-10T08:29:45Z,1010.0,0.938
2025-09-10T08:29:46Z,1010.0,1.012
2025-09-10T08:29:47Z,1010.0,1.012
2025-09-10T08:29:48Z,1010.0,1.007
2025-09-10T08:29:49Z,1010.0,1.004
2025-09-10T08:29:50Z,1010.0,0.999
2025-09-10T08:29:51Z,1010.0,0.988
2025-09-10T08:29:53Z,1010.0,0.988
2025-09-10T08:29:54Z,1010.0,1.007
2025-09-10T08:29:55Z,1010.0,1.017
2025-09-10T08:29:56Z,1010.0,1.025
2025-09-10T08:29:57Z,1010.0,1.025
2025-09-10T08:29:58Z,1010.0,1.009
2025-09-10T08:29:59Z,1010.0,0.999
2025-09-10T08:30:00Z,1010.0,0.954
2025-09-10T08:30:01Z,1010.0,0.922
2025-09-10T08:30:02Z,1010.0,0.885
2025-09-10T08:30:03Z,1010.0,0.872
2025-09-10T08:30:04Z,1010.1,0.848
2025-09-10T08:30:05Z,1010.1,0.848
2025-09-10T08:30:07Z,1010.1,0.848
2025-09-10T08:30:08Z,1010.1,0.848
2025-09-10T08:30:09Z,1010.1,0.835
2025-09-10T08:30:10Z,1010.1,0.824
2025-09-10T08:30:11Z,1010.1,0.819
2025-09-10T08:30:12Z,1010.1,0.772
2025-09-10T08:30:13Z,1010.1,0.745
2025-09-10T08:30:14Z,1010.1,0.745
2025-09-10T08:30:15Z,1010.1,0.708
2025-09-10T08:30:16Z,1010.1,0.708
2025-09-10T08:30:17Z,1010.1,0.727
2025-09-10T08:30:18Z,1010.1,0.750
2025-09-10T08:30:19Z,1010.1,0.753
2025-09-10T08:30:21Z,1010.1,0.769
2025-09-10T08:30:22Z,1010.1,0.779
2025-09-10T08:30:23Z,1010.1,0.779
2025-09-10T08:30:24Z,1010.1,0.779
2025-09-10T08:30:25Z,1010.1,0.785
2025-09-10T08:30:26Z,1010.1,0.785
2025-09-10T08:30:27Z,1010.1,0.787
2025-09-10T08:30:28Z,1010.1,0.798
2025-09-10T08:30:29Z,1010.1,0.806
2025-09-10T08:30:30Z,1010.1,0.806
2025-09-10T08:30:31Z,1010.1,0.811
2025-09-10T08:30:32Z,1010.1,0.819
2025-09-10T08:30:33Z,1010.1,0.811
2025-09-10T08:30:35Z,1010.1,0.750
2025-09-10T08:30:36Z,1010.1,0.653
2025-09-10T08:30:37Z,1010.1,0.555
2025-09-10T08:30:38Z,1010.1,0.473
2025-09-10T08:30:39Z,1010.1,0.383
2025-09-10T08:30:40Z,1010.1,0.383
2025-09-10T08:30:41Z,1010.1,0.396
2025-09-10T08:30:42Z,1010.1,0.470
2025-09-10T08:30:43Z,1010.1,0.602
2025-09-10T08:30:44Z,1010.1,0.801
2025-09-10T08:30:45Z,1010.0,0.962
2025-09-10T08:30:46Z,1010.0,1.094
2025-09-10T08:30:47Z,1010.0,1.194
2025-09-10T08:30:49Z,1010.0,1.215
2025-09-10T08:30:50Z,1010.0,1.215
2025-09-10T08:30:51Z,1010.0,1.178
2025-09-10T08:30:52Z,1010.0,1.157
2025-09-10T08:30:53Z,1010.0,1.123
2025-09-10T08:30:54Z,1010.0,1.057
2025-09-10T08:30:55Z,1010.0,1.046
2025-09-10T08:30:56Z,1010.0,1.036
2025-09-10T08:30:57Z,1010.0,1.033
2025-09-10T08:30:58Z,1010.0,1.023
2025-09-10T08:30:59Z,1010.0,1.023
2025-09-10T08:31:00Z,1010.0,1.020
2025-09-10T08:31:01Z,1010.0,1.020
2025-09-10T08:31:02Z,1010.0,1.020
2025-09-10T08:31:04Z,1010.0,1.023
2025-09-10T08:31:05Z,1010.0,1.031
2025-09-10T08:31:06Z,1010.0,1.036
2025-09-10T08:31:07Z,1010.0,1.052
2025-09-10T08:31:08Z,1010.0,1.057
2025-09-10T08:31:09Z,1010.0,1.078
2025-09-10T08:31:10Z,1010.0,1.089
2025-09-10T08:31:11Z,1010.0,1.110
2025-09-10T08:31:12Z,1010.0,1.110
2025-09-10T08:31:13Z,1010.0,1.110
2025-09-10T08:31:14Z,1010.0,1.110
2025-09-10T08:31:15Z,1010.0,1.118
2025-09-10T08:31:16Z,1010.0,1.123
2025-09-10T08:31:18Z,1010.0,1.134
2025-09-10T08:31:19Z,1010.0,1.155
2025-09-10T08:31:20Z,1010.0,1.176
2025-09-10T08:31:21Z,1010.0,1.181
2025-09-10T08:31:22Z,1010.0,1.200
2025-09-10T08:31:23Z,1010.0,1.200
2025-09-10T08:31:24Z,1010.0,1.202
2025-09-10T08:31:25Z,1010.0,1.210
2025-09-10T08:31:26Z,1010.0,1.223
2025-09-10T08:31:27Z,1010.0,1.242
2025-09-10T08:31:28Z,1010.0,1.245
2025-09-10T08:31:29Z,1010.0,1.258
2025-09-10T08:31:30Z,1010.0,1.258
2025-09-10T08:31:32Z,1010.0,1.258
2025-09-10T08:31:33Z,1010.0,1.245
2025-09-10T08:31:34Z,1010.0,1.245
2025-09-10T08:31:35Z,1010.0,1.242
2025-09-10T08:31:36Z,1010.0,1.245
2025-09-10T08:31:37Z,1010.0,1.239
2025-09-10T08:31:38Z,1010.0,1.234
2025-09-10T08:31:39Z,1010.0,1.229
2025-09-10T08:31:40Z,1010.0,1.221
2025-09-10T08:31:41Z,1010.0,1.202
2025-09-10T08:31:42Z,1010.0,1.192
2025-09-10T08:31:43Z,1010.0,1.184
2025-09-10T08:31:44Z,1010.0,1.184
2025-09-10T08:31:46Z,1010.0,1.184
2025-09-10T08:31:47Z,1010.0,1.189
2025-09-10T08:31:48Z,1010.0,1.192
2025-09-10T08:31:49Z,1010.0,1.189
2025-09-10T08:31:50Z,1010.0,1.189
2025-09-10T08:31:51Z,1010.0,1.181
2025-09-10T08:31:52Z,1010.0,1.181
2025-09-10T08:31:53Z,1010.0,1.168
2025-09-10T08:31:54Z,1010.0,1.165
2025-09-10T08:31:55Z,1010.0,1.165
2025-09-10T08:31:56Z,1010.0,1.181
2025-09-10T08:31:57Z,1010.0,1.197
2025-09-10T08:31:58Z,1010.0,1.213
2025-09-10T08:32:00Z,1010.0,1.245
2025-09-10T08:32:01Z,1010.0,1.271
2025-09-10T08:32:02Z,1010.0,1.284
2025-09-10T08:32:03Z,1010.0,1.289
2025-09-10T08:32:04Z,1010.0,1.324
2025-09-10T08:32:05Z,1010.0,1.334
2025-09-10T08:32:06Z,1010.0,1.366
2025-09-10T08:32:07Z,1010.0,1.400
2025-09-10T08:32:08Z,1010.0,1.427
2025-09-10T08:32:09Z,1010.0,1.453
2025-09-10T08:32:10Z,1010.0,1.466
2025-09-10T08:32:11Z,1010.0,1.482
2025-09-10T08:32:12Z,1010.0,1.488
2025-09-10T08:32:14Z,1010.0,1.488
2025-09-10T08:32:15Z,1010.0,1.480
2025-09-10T08:32:16Z,1010.0,1.472
2025-09-10T08:32:17Z,1010.0,1.469
2025-09-10T08:32:18Z,1010.0,1.466
2025-09-10T08:32:19Z,1010.0,1.448
2025-09-10T08:32:20Z,1010.0,1.443
2025-09-10T08:32:21Z,1010.0,1.427
2025-09-10T08:32:22Z,1010.0,1.419
2025-09-10T08:32:23Z,1010.0,1.400
2025-09-10T08:32:24Z,1010.0,1.398
2025-09-10T08:32:25Z,1010.0,1.393
2025-09-10T08:32:26Z,1010.0,1.390
2025-09-10T08:32:27Z,1010.0,1.390
2025-09-10T08:32:29Z,1010.0,1.390
2025-09-10T08:32:30Z,1010.0,1.416
2025-09-10T08:32:31Z,1010.0,1.437
2025-09-10T08:32:32Z,1010.0,1.466
2025-09-10T08:32:33Z,1010.0,1.490
2025-09-10T08:32:34Z,1010.0,1.530
2025-09-10T08:32:35Z,1010.0,1.554
2025-09-10T08:32:36Z,1010.0,1.570
2025-09-10T08:32:37Z,1010.0,1.575
2025-09-10T08:32:38Z,1010.0,1.577
2025-09-10T08:32:39Z,1010.0,1.577
2025-09-10T08:32:40Z,1010.0,1.577
2025-09-10T08:32:41Z,1010.0,1.585
2025-09-10T08:32:43Z,1010.0,1.599
2025-09-10T08:32:44Z,1010.0,1.599
2025-09-10T08:32:45Z,1010.0,1.596
2025-09-10T08:32:46Z,1010.0,1.591
2025-09-10T08:32:47Z,1010.0,1.591
2025-09-10T08:32:48Z,1010.0,1.591
2025-09-10T08:32:49Z,1010.0,1.636
2025-09-10T08:32:50Z,1010.0,1.678
2025-09-10T08:32:51Z,1009.9,1.725
2025-09-10T08:32:52Z,1009.9,1.747
2025-09-10T08:32:53Z,1009.9,1.765
2025-09-10T08:32:54Z,1009.9,1.770
2025-09-10T08:32:55Z,1009.9,1.826
2025-09-10T08:32:57Z,1009.9,1.892
2025-09-10T08:32:58Z,1009.9,1.961
2025-09-10T08:32:59Z,1009.9,2.029
2025-09-10T08:33:00Z,1009.9,2.111
2025-09-10T08:33:01Z,1009.9,2.114
2025-09-10T08:33:02Z,1009.9,2.119
2025-09-10T08:33:03Z,1009.9,2.114
2025-09-10T08:33:04Z,1009.9,2.114
2025-09-10T08:33:05Z,1009.9,2.087
2025-09-10T08:33:06Z,1009.9,2.058
2025-09-10T08:33:07Z,1009.9,2.048
2025-09-10T08:33:08Z,1009.9,2.019
2025-09-10T08:33:09Z,1009.9,1.953
2025-09-10T08:33:11Z,1009.9,1.884
2025-09-10T08:33:12Z,1009.9,1.821
2025-09-10T08:33:13Z,1009.9,1.770
2025-09-10T08:33:14Z,1009.9,1.725
2025-09-10T08:33:15Z,1009.9,1.725
2025-09-10T08:33:16Z,1009.9,1.728
2025-09-10T08:33:17Z,1009.9,1.733
2025-09-10T08:33:18Z,1009.9,1.739
2025-09-10T08:33:19Z,1009.9,1.747
2025-09-10T08:33:20Z,1009.9,1.760
2025-09-10T08:33:21Z,1009.9,1.794
2025-09-10T08:33:22Z,1009.9,1.831
2025-09-10T08:33:23Z,1009.9,1.839
2025-09-10T08:33:25Z,1009.9,1.863
2025-09-10T08:33:26Z,1009.9,1.932
2025-09-10T08:33:27Z,1009.9,1.969
2025-09-10T08:33:28Z,1009.9,2.006
2025-09-10T08:33:29Z,1009.9,2.095
2025-09-10T08:33:30Z,1009.9,2.193
2025-09-10T08:33:31Z,1009.9,2.238
2025-09-10T08:33:32Z,1009.9,2.294
2025-09-10T08:33:33Z,1009.9,2.341
2025-09-10T08:33:34Z,1009.9,2.357
2025-09-10T08:33:35Z,1009.9,2.357
2025-09-10T08:33:36Z,1009.9,2.346
2025-09-10T08:33:37Z,1009.9,2.336
2025-09-10T08:33:39Z,1009.9,2.317
2025-09-10T08:33:40Z,1009.9,2.291
2025-09-10T08:33:41Z,1009.9,2.283
2025-09-10T08:33:42Z,1009.9,2.283
2025-09-10T08:33:43Z,1009.9,2.264
2025-09-10T08:33:44Z,1009.9,2.233
2025-09-10T08:33:45Z,1009.9,2.209
2025-09-10T08:33:46Z,1009.9,2.132
2025-09-10T08:33:47Z,1009.9,2.050
2025-09-10T08:33:48Z,1009.9,1.990
2025-09-10T08:33:49Z,1009.9,1.963
2025-09-10T08:33:50Z,1009.9,1.932
2025-09-10T08:33:51Z,1009.9,1.921
2025-09-10T08:33:53Z,1009.9,1.905
2025-09-10T08:33:54Z,1009.9,1.879
2025-09-10T08:33:55Z,1009.9,1.852
2025-09-10T08:33:56Z,1009.9,1.852
2025-09-10T08:33:57Z,1009.9,1.863
2025-09-10T08:33:58Z,1009.9,1.897
2025-09-10T08:33:59Z,1009.9,1.942
2025-09-10T08:34:00Z,1009.9,1.992
2025-09-10T08:34:01Z,1009.9,2.056
2025-09-10T08:34:02Z,1009.9,2.077
2025-09-10T08:34:03Z,1009.9,2.109
2025-09-10T08:34:04Z,1009.9,2.135
2025-09-10T08:34:05Z,1009.9,2.167
2025-09-10T08:34:06Z,1009.9,2.172
2025-09-10T08:34:08Z,1009.9,2.196
2025-09-10T08:34:09Z,1009.9,2.206
2025-09-10T08:34:10Z,1009.9,2.206
2025-09-10T08:34:11Z,1009.9,2.201
2025-09-10T08:34:12Z,1009.9,2.201
2025-09-10T08:34:13Z,1009.9,2.198
2025-09-10T08:34:14Z,1009.9,2.193
2025-09-10T08:34:15Z,1009.9,2.175
2025-09-10T08:34:16Z,1009.9,2.161
2025-09-10T08:34:17Z,1009.9,2.161
2025-09-10T08:34:18Z,1009.9,2.138
2025-09-10T08:34:19Z,1009.9,2.077
2025-09-10T08:34:20Z,1009.9,2.043
2025-09-10T08:34:22Z,1009.9,2.006
2025-09-10T08:34:23Z,1009.9,1.982
2025-09-10T08:34:24Z,1009.9,1.982
2025-09-10T08:34:25Z,1009.9,2.021
2025-09-10T08:34:26Z,1009.9,2.066
2025-09-10T08:34:27Z,1009.9,2.098
2025-09-10T08:34:28Z,1009.9,2.124
2025-09-10T08:34:29Z,1009.9,2.124
2025-09-10T08:34:30Z,1009.9,2.124
2025-09-10T08:34:31Z,1009.9,2.127
2025-09-10T08:34:32Z,1009.9,2.132
2025-09-10T08:34:33Z,1009.9,2.151
2025-09-10T08:34:34Z,1009.9,2.172
2025-09-10T08:34:36Z,1009.9,2.183
2025-09-10T08:34:37Z,1009.9,2.196
2025-09-10T08:34:38Z,1009.9,2.217
2025-09-10T08:34:39Z,1009.9,2.217
2025-09-10T08:34:40Z,1009.9,2.214
2025-09-10T08:34:41Z,1009.9,2.214
2025-09-10T08:34:42Z,1009.9,2.222
2025-09-10T08:34:43Z,1009.9,2.222
2025-09-10T08:34:44Z,1009.9,2.220
2025-09-10T08:34:45Z,1009.9,2.209
2025-09-10T08:34:46Z,1009.9,2.190
2025-09-10T08:34:47Z,1009.9,2.161
2025-09-10T08:34:48Z,1009.9,2.116
2025-09-10T08:34:50Z,1009.9,2.080
2025-09-10T08:34:51Z,1009.9,2.056
2025-09-10T08:34:52Z,1009.9,2.029
2025-09-10T08:34:53Z,1009.9,2.029
2025-09-10T08:34:54Z,1009.9,2.037
2025-09-10T08:34:55Z,1009.9,2.066
2025-09-10T08:34:56Z,1009.9,2.090
2025-09-10T08:34:57Z,1009.9,2.122
2025-09-10T08:34:58Z,1009.9,2.143
2025-09-10T08:34:59Z,1009.9,2.151
2025-09-10T08:35:00Z,1009.9,2.167
2025-09-10T08:35:01Z,1009.9,2.190
2025-09-10T08:35:02Z,1009.9,2.227
2025-09-10T08:35:04Z,1009.9,2.251
2025-09-10T08:35:05Z,1009.9,2.280
2025-09-10T08:35:06Z,1009.9,2.291
2025-09-10T08:35:07Z,1009.9,2.299
2025-09-10T08:35:08Z,1009.9,2.299
2025-09-10T08:35:09Z,1009.9,2.283
2025-09-10T08:35:10Z,1009.9,2.275
2025-09-10T08:35:11Z,1009.9,2.272
2025-09-10T08:35:12Z,1009.9,2.241
2025-09-10T08:35:13Z,1009.9,2.214
2025-09-10T08:35:14Z,1009.9,2.188
2025-09-10T08:35:15Z,1009.9,2.156
2025-09-10T08:35:16Z,1009.9,2.122
2025-09-10T08:35:18Z,1009.9,2.111
2025-09-10T08:35:19Z,1009.9,2.087
2025-09-10T08:35:20Z,1009.9,2.058
2025-09-10T08:35:21Z,1009.9,2.040
2025-09-10T08:35:22Z,1009.9,2.019
2025-09-10T08:35:23Z,1009.9,1.995
2025-09-10T08:35:24Z,1009.9,1.995
2025-09-10T08:35:25Z,1009.9,1.992
2025-09-10T08:35:26Z,1009.9,2.000
2025-09-10T08:35:27Z,1009.9,2.000
2025-09-10T08:35:28Z,1009.9,2.003
2025-09-10T08:35:29Z,1009.9,2.003
2025-09-10T08:35:30Z,1009.9,2.000
2025-09-10T08:35:32Z,1009.9,2.000
2025-09-10T08:35:33Z,1009.9,2.000
2025-09-10T08:35:34Z,1009.9,2.003
2025-09-10T08:35:35Z,1009.9,2.003
2025-09-10T08:35:36Z,1009.9,2.032
2025-09-10T08:35:37Z,1009.9,2.058
2025-09-10T08:35:38Z,1009.9,2.082
2025-09-10T08:35:39Z,1009.9,2.082
2025-09-10T08:35:40Z,1009.9,2.093
2025-09-10T08:35:41Z,1009.9,2.093
2025-09-10T08:35:42Z,1009.9,2.077
2025-09-10T08:35:43Z,1009.9,2.043
2025-09-10T08:35:44Z,1009.9,2.027
2025-09-10T08:35:46Z,1009.9,1.979
2025-09-10T08:35:47Z,1009.9,1.953
2025-09-10T08:35:48Z,1009.9,1.953
2025-09-10T08:35:49Z,1009.9,1.961
2025-09-10T08:35:50Z,1009.9,2.006
2025-09-10T08:35:51Z,1009.9,2.090
2025-09-10T08:35:52Z,1009.9,2.172
2025-09-10T08:35:53Z,1009.9,2.267
2025-09-10T08:35:54Z,1009.9,2.365
2025-09-10T08:35:55Z,1009.9,2.460
2025-09-10T08:35:56Z,1009.8,2.558
2025-09-10T08:35:57Z,1009.8,2.663
2025-09-10T08:35:58Z,1009.8,2.753
2025-09-10T08:35:59Z,1009.8,2.838
2025-09-10T08:36:01Z,1009.8,2.899
2025-09-10T08:36:02Z,1009.8,2.899
2025-09-10T08:36:03Z,1009.8,2.899
2025-09-10T08:36:04Z,1009.8,2.854
2025-09-10T08:36:05Z,1009.8,2.764
2025-09-10T08:36:06Z,1009.8,2.703
2025-09-10T08:36:07Z,1009.8,2.650
2025-09-10T08:36:08Z,1009.8,2.616
2025-09-10T08:36:09Z,1009.8,2.608
2025-09-10T08:36:10Z,1009.8,2.603
2025-09-10T08:36:11Z,1009.8,2.582
2025-09-10T08:36:12Z,1009.9,2.497
2025-09-10T08:36:13Z,1009.9,2.378
2025-09-10T08:36:15Z,1009.9,2.246
2025-09-10T08:36:16Z,1009.9,2.143
2025-09-10T08:36:17Z,1009.9,2.056
2025-09-10T08:36:18Z,1009.9,2.032
2025-09-10T08:36:19Z,1009.9,2.032
2025-09-10T08:36:20Z,1009.9,2.072
2025-09-10T08:36:21Z,1009.9,2.109
2025-09-10T08:36:22Z,1009.9,2.143
2025-09-10T08:36:23Z,1009.9,2.172
2025-09-10T08:36:24Z,1009.9,2.172
2025-09-10T08:36:25Z,1009.9,2.172
2025-09-10T08:36:26Z,1009.9,2.164
2025-09-10T08:36:27Z,1009.9,2.135
2025-09-10T08:36:29Z,1009.9,2.098
2025-09-10T08:36:30Z,1009.9,2.072
2025-09-10T08:36:31Z,1009.9,2.048
2025-09-10T08:36:32Z,1009.9,2.048
2025-09-10T08:36:33Z,1009.9,2.050
2025-09-10T08:36:34Z,1009.9,2.072
2025-09-10T08:36:35Z,1009.9,2.116
2025-09-10T08:36:36Z,1009.9,2.183
2025-09-10T08:36:37Z,1009.9,2.251
2025-09-10T08:36:38Z,1009.9,2.294
2025-09-10T08:36:39Z,1009.9,2.325
2025-09-10T08:36:40Z,1009.9,2.325
2025-09-10T08:36:41Z,1009.9,2.320
2025-09-10T08:36:43Z,1009.9,2.291
2025-09-10T08:36:44Z,1009.9,2.262
2025-09-10T08:36:45Z,1009.9,2.214
2025-09-10T08:36:46Z,1009.9,2.183
2025-09-10T08:36:47Z,1009.9,2.146
2025-09-10T08:36:48Z,1009.9,2.116
2025-09-10T08:36:49Z,1009.9,2.093
2025-09-10T08:36:50Z,1009.9,2.085
2025-09-10T08:36:51Z,1009.9,2.072
2025-09-10T08:36:52Z,1009.9,2.058
2025-09-10T08:36:53Z,1009.9,2.045
2025-09-10T08:36:54Z,1009.9,2.019
2025-09-10T08:36:55Z,1009.9,1.979
2025-09-10T08:36:57Z,1009.9,1.963
2025-09-10T08:36:58Z,1009.9,1.939
2025-09-10T08:36:59Z,1009.9,1.913
2025-09-10T08:37:00Z,1009.9,1.913
2025-09-10T08:37:01Z,1009.9,1.926
2025-09-10T08:37:02Z,1009.9,1.934
2025-09-10T08:37:03Z,1009.9,1.934
2025-09-10T08:37:04Z,1009.9,1.831
2025-09-10T08:37:05Z,1010.0,1.617
2025-09-10T08:37:06Z,1010.0,1.390
2025-09-10T08:37:07Z,1010.0,1.136
2025-09-10T08:37:08Z,1010.0,0.883
2025-09-10T08:37:09Z,1010.1,0.735
2025-09-10T08:37:11Z,1010.1,0.700
2025-09-10T08:37:12Z,1010.1,0.700
2025-09-10T08:37:13Z,1010.1,0.727
2025-09-10T08:37:14Z,1010.1,0.740
2025-09-10T08:37:15Z,1010.1,0.756
2025-09-10T08:37:16Z,1010.1,0.785
2025-09-10T08:37:17Z,1010.1,0.795
2025-09-10T08:37:18Z,1010.1,0.801
2025-09-10T08:37:19Z,1010.1,0.819
2025-09-10T08:37:20Z,1010.1,0.827
2025-09-10T08:37:21Z,1010.1,0.846
2025-09-10T08:37:22Z,1010.1,0.846
2025-09-10T08:37:23Z,1010.1,0.856
2025-09-10T08:37:25Z,1010.1,0.859
2025-09-10T08:37:26Z,1010.1,0.869
2025-09-10T08:37:27Z,1010.1,0.869
2025-09-10T08:37:28Z,1010.1,0.869
2025-09-10T08:37:29Z,1010.0,0.875
2025-09-10T08:37:30Z,1010.0,0.880
2025-09-10T08:37:31Z,1010.0,0.890
2025-09-10T08:37:32Z,1010.0,0.893
2025-09-10T08:37:33Z,1010.0,0.912
2025-09-10T08:37:34Z,1010.0,0.925
2025-09-10T08:37:35Z,1010.0,0.941
2025-09-10T08:37:36Z,1010.0,0.943
2025-09-10T08:37:37Z,1010.0,0.941
2025-09-10T08:37:39Z,1010.0,0.938
2025-09-10T08:37:40Z,1010.0,0.920
2025-09-10T08:37:41Z,1010.0,0.920
2025-09-10T08:37:42Z,1010.0,0.920
2025-09-10T08:37:43Z,1010.0,0.954
2025-09-10T08:37:44Z,1010.0,1.004
2025-09-10T08:37:45Z,1010.0,1.067
2025-09-10T08:37:46Z,1010.0,1.120
2025-09-10T08:37:47Z,1010.0,1.155
2025-09-10T08:37:48Z,1010.0,1.168
2025-09-10T08:37:49Z,1010.0,1.168
2025-09-10T08:37:50Z,1010.0,1.157
2025-09-10T08:37:51Z,1010.0,1.152
2025-09-10T08:37:52Z,1010.0,1.131
2025-09-10T08:37:54Z,1010.0,1.107
2025-09-10T08:37:55Z,1010.0,1.097
2025-09-10T08:37:56Z,1010.0,1.073
2025-09-10T08:37:57Z,1010.0,1.073
2025-09-10T08:37:58Z,1010.0,1.102
2025-09-10T08:37:59Z,1010.0,1.247
2025-09-10T08:38:00Z,1010.0,1.247
2025-09-10T08:38:01Z,1010.0,1.165
2025-09-10T08:38:02Z,1010.0,1.112
2025-09-10T08:38:03Z,1010.0,1.007
2025-09-10T08:38:04Z,1010.0,1.007
2025-09-10T08:38:05Z,1010.0,1.112
2025-09-10T08:38:06Z,1010.0,1.400
2025-09-10T08:38:08Z,1010.0,1.688
2025-09-10T08:38:09Z,1009.9,1.969
2025-09-10T08:38:10Z,1009.9,2.156
2025-09-10T08:38:11Z,1009.9,2.196
2025-09-10T08:38:12Z,1009.9,2.209
2025-09-10T08:38:13Z,1009.9,2.233
2025-09-10T08:38:14Z,1009.9,2.233
2025-09-10T08:38:15Z,1009.9,2.230
2025-09-10T08:38:16Z,1009.9,2.193
2025-09-10T08:38:17Z,1009.9,2.175
2025-09-10T08:38:18Z,1009.9,2.172
2025-09-10T08:38:19Z,1009.9,2.153
2025-09-10T08:38:20Z,1009.9,2.153
2025-09-10T08:38:22Z,1009.9,2.190
2025-09-10T08:38:23Z,1009.9,2.220
2025-09-10T08:38:24Z,1009.9,2.246
2025-09-10T08:38:25Z,1009.9,2.254
2025-09-10T08:38:26Z,1009.9,2.299
2025-09-10T08:38:27Z,1009.9,2.352
2025-09-10T08:38:28Z,1009.9,2.418
2025-09-10T08:38:29Z,1009.9,2.473
2025-09-10T08:38:30Z,1009.8,2.568
2025-09-10T08:38:31Z,1009.8,2.648
2025-09-10T08:38:32Z,1009.8,2.661
2025-09-10T08:38:33Z,1009.8,2.661
2025-09-10T08:38:34Z,1009.8,2.650
2025-09-10T08:38:36Z,1009.8,2.613
2025-09-10T08:38:37Z,1009.8,2.566
2025-09-10T08:38:38Z,1009.8,2.550
2025-09-10T08:38:39Z,1009.8,2.550
2025-09-10T08:38:40Z,1009.8,2.555
2025-09-10T08:38:41Z,1009.8,2.566
2025-09-10T08:38:42Z,1009.8,2.582
2025-09-10T08:38:43Z,1009.8,2.595
2025-09-10T08:38:44Z,1009.8,2.595
2025-09-10T08:38:45Z,1009.8,2.579
2025-09-10T08:38:46Z,1009.8,2.558
2025-09-10T08:38:47Z,1009.9,2.508
2025-09-10T08:38:48Z,1009.9,2.436
2025-09-10T08:38:50Z,1009.9,2.344
2025-09-10T08:38:51Z,1009.9,2.272
2025-09-10T08:38:52Z,1009.9,2.212
2025-09-10T08:38:53Z,1009.9,2.161
2025-09-10T08:38:54Z,1009.9,2.143
2025-09-10T08:38:55Z,1009.9,2.132
2025-09-10T08:38:56Z,1009.9,2.135
2025-09-10T08:38:57Z,1009.9,2.135
2025-09-10T08:38:58Z,1009.9,2.148
2025-09-10T08:38:59Z,1009.9,2.180
2025-09-10T08:39:00Z,1009.9,2.206
2025-09-10T08:39:01Z,1009.9,2.233
2025-09-10T08:39:02Z,1009.9,2.257
2025-09-10T08:39:04Z,1009.9,2.280
2025-09-10T08:39:05Z,1009.9,2.299
2025-09-10T08:39:06Z,1009.9,2.309
2025-09-10T08:39:07Z,1009.9,2.341
2025-09-10T08:39:08Z,1009.9,2.360
2025-09-10T08:39:09Z,1009.9,2.360
2025-09-10T08:39:10Z,1009.9,2.357
2025-09-10T08:39:11Z,1009.9,2.346
2025-09-10T08:39:12Z,1009.9,2.323
2025-09-10T08:39:13Z,1009.9,2.304
2025-09-10T08:39:14Z,1009.9,2.294
2025-09-10T08:39:15Z,1009.9,2.280
2025-09-10T08:39:16Z,1009.9,2.254
2025-09-10T08:39:18Z,1009.9,2.243
2025-09-10T08:39:19Z,1009.9,2.233
2025-09-10T08:39:20Z,1009.9,2.214
2025-09-10T08:39:21Z,1009.9,2.214
2025-09-10T08:39:22Z,1009.9,2.209
2025-09-10T08:39:23Z,1009.9,2.201
2025-09-10T08:39:24Z,1009.9,2.190
2025-09-10T08:39:25Z,1009.9,2.183
2025-09-10T08:39:26Z,1009.9,2.153
2025-09-10T08:39:27Z,1009.9,2.135
2025-09-10T08:39:28Z,1009.9,2.132
2025-09-10T08:39:29Z,1009.9,2.135
2025-09-10T08:39:30Z,1009.9,2.151
2025-09-10T08:39:32Z,1009.9,2.183
2025-09-10T08:39:33Z,1009.9,2.217
2025-09-10T08:39:34Z,1009.9,2.235
2025-09-10T08:39:35Z,1009.9,2.272
2025-09-10T08:39:36Z,1009.9,2.280
2025-09-10T08:39:37Z,1009.9,2.299
2025-09-10T08:39:38Z,1009.9,2.304
2025-09-10T08:39:39Z,1009.9,2.304
2025-09-10T08:39:40Z,1009.9,2.301
2025-09-10T08:39:41Z,1009.9,2.299
2025-09-10T08:39:42Z,1009.9,2.283
2025-09-10T08:39:43Z,1009.9,2.278
2025-09-10T08:39:44Z,1009.9,2.272
2025-09-10T08:39:45Z,1009.9,2.267
2025-09-10T08:39:47Z,1009.9,2.246
2025-09-10T08:39:48Z,1009.9,2.243
2025-09-10T08:39:49Z,1009.9,2.235
2025-09-10T08:39:50Z,1009.9,2.206
2025-09-10T08:39:51Z,1009.9,2.198
2025-09-10T08:39:52Z,1009.9,2.188
2025-09-10T08:39:53Z,1009.9,2.188
2025-09-10T08:39:54Z,1009.9,2.190
2025-09-10T08:39:55Z,1009.9,2.201
2025-09-10T08:39:56Z,1009.9,2.225
2025-09-10T08:39:57Z,1009.9,2.246
2025-09-10T08:39:58Z,1009.9,2.262
2025-09-10T08:39:59Z,1009.9,2.272
2025-09-10T08:40:01Z,1009.9,2.304
2025-09-10T08:40:02Z,1009.9,2.317
2025-09-10T08:40:03Z,1009.9,2.317
2025-09-10T08:40:04Z,1009.9,2.323
2025-09-10T08:40:05Z,1009.9,2.315
2025-09-10T08:40:06Z,1009.9,2.299
2025-09-10T08:40:07Z,1009.9,2.286
2025-09-10T08:40:08Z,1009.9,2.275
2025-09-10T08:40:09Z,1009.9,2.272
2025-09-10T08:40:10Z,1009.9,2.272
2025-09-10T08:40:11Z,1009.9,2.272
2025-09-10T08:40:12Z,1009.9,2.272
2025-09-10T08:40:13Z,1009.9,2.272
2025-09-10T08:40:15Z,1009.9,2.259
2025-09-10T08:40:16Z,1009.9,2.251
2025-09-10T08:40:17Z,1009.9,2.249
2025-09-10T08:40:18Z,1009.9,2.235
2025-09-10T08:40:19Z,1009.9,2.225
2025-09-10T08:40:20Z,1009.9,2.214
2025-09-10T08:40:21Z,1009.9,2.214
2025-09-10T08:40:22Z,1009.9,2.196
2025-09-10T08:40:23Z,1009.9,2.196
2025-09-10T08:40:24Z,1009.9,2.201
2025-09-10T08:40:25Z,1009.9,2.206
2025-09-10T08:40:26Z,1009.9,2.209
2025-09-10T08:40:27Z,1009.9,2.209
2025-09-10T08:40:29Z,1009.9,2.209
2025-09-10T08:40:30Z,1009.9,2.188
2025-09-10T08:40:31Z,1009.9,2.159
2025-09-10T08:40:32Z,1009.9,2.119
2025-09-10T08:40:33Z,1009.9,2.085
2025-09-10T08:40:34Z,1009.9,2.069
2025-09-10T08:40:35Z,1009.9,2.048
2025-09-10T08:40:36Z,1009.9,2.035
2025-09-10T08:40:37Z,1009.9,2.035
2025-09-10T08:40:38Z,1009.9,2.035
2025-09-10T08:40:39Z,1009.9,2.035
2025-09-10T08:40:40Z,1009.9,2.035
2025-09-10T08:40:41Z,1009.9,2.037
2025-09-10T08:40:43Z,1009.9,2.050
2025-09-10T08:40:44Z,1009.9,2.056
2025-09-10T08:40:45Z,1009.9,2.058
2025-09-10T08:40:46Z,1009.9,2.066
2025-09-10T08:40:47Z,1009.9,2.095
2025-09-10T08:40:48Z,1009.9,2.109
2025-09-10T08:40:49Z,1009.9,2.143
2025-09-10T08:40:50Z,1009.9,2.159
2025-09-10T08:40:51Z,1009.9,2.185
2025-09-10T08:40:52Z,1009.9,2.185
2025-09-10T08:40:53Z,1009.9,2.161
2025-09-10T08:40:54Z,1009.9,2.138
2025-09-10T08:40:55Z,1009.9,2.122
2025-09-10T08:40:57Z,1009.9,2.090
2025-09-10T08:40:58Z,1009.9,2.064
2025-09-10T08:40:59Z,1009.9,2.037
2025-09-10T08:41:00Z,1009.9,2.011
2025-09-10T08:41:01Z,1009.9,1.984
2025-09-10T08:41:02Z,1009.9,1.974
2025-09-10T08:41:03Z,1009.9,1.974
2025-09-10T08:41:04Z,1009.9,2.000
2025-09-10T08:41:05Z,1009.9,2.040
2025-09-10T08:41:06Z,1009.9,2.085
2025-09-10T08:41:07Z,1009.9,2.130
2025-09-10T08:41:08Z,1009.9,2.169
2025-09-10T08:41:09Z,1009.9,2.196
2025-09-10T08:41:11Z,1009.9,2.217
2025-09-10T08:41:12Z,1009.9,2.227
2025-09-10T08:41:13Z,1009.9,2.227
2025-09-10T08:41:14Z,1009.9,2.220
2025-09-10T08:41:15Z,1009.9,2.212
2025-09-10T08:41:16Z,1009.9,2.201
2025-09-10T08:41:17Z,1009.9,2.183
2025-09-10T08:41:18Z,1009.9,2.169
2025-09-10T08:41:19Z,1009.9,2.169
2025-09-10T08:41:20Z,1009.9,2.177
2025-09-10T08:41:21Z,1009.9,2.204
2025-09-10T08:41:22Z,1009.9,2.230
2025-09-10T08:41:23Z,1009.9,2.280
2025-09-10T08:41:25Z,1009.9,2.336
2025-09-10T08:41:26Z,1009.9,2.365
2025-09-10T08:41:27Z,1009.9,2.365
2025-09-10T08:41:28Z,1009.9,2.365
2025-09-10T08:41:29Z,1009.9,2.341
2025-09-10T08:41:30Z,1009.9,2.299
2025-09-10T08:41:31Z,1009.9,2.249
2025-09-10T08:41:32Z,1009.9,2.193
2025-09-10T08:41:33Z,1009.9,2.148
2025-09-10T08:41:34Z,1009.9,2.122
2025-09-10T08:41:35Z,1009.9,2.103
2025-09-10T08:41:36Z,1009.9,2.103
2025-09-10T08:41:37Z,1009.9,2.103
2025-09-10T08:41:39Z,1009.9,2.146
2025-09-10T08:41:40Z,1009.9,2.161
2025-09-10T08:41:41Z,1009.9,2.196
2025-09-10T08:41:42Z,1009.9,2.227
2025-09-10T08:41:43Z,1009.9,2.230
2025-09-10T08:41:44Z,1009.9,2.230
2025-09-10T08:41:45Z,1009.9,2.206
2025-09-10T08:41:46Z,1009.9,2.183
2025-09-10T08:41:47Z,1009.9,2.148
2025-09-10T08:41:48Z,1009.9,2.143
2025-09-10T08:41:49Z,1009.9,2.143
2025-09-10T08:41:50Z,1009.9,2.167
2025-09-10T08:41:51Z,1009.9,2.177
2025-09-10T08:41:52Z,1009.9,2.217
2025-09-10T08:41:54Z,1009.9,2.254
2025-09-10T08:41:55Z,1009.9,2.288
2025-09-10T08:41:56Z,1009.9,2.309
2025-09-10T08:41:57Z,1009.9,2.333
2025-09-10T08:41:58Z,1009.9,2.338
2025-09-10T08:41:59Z,1009.9,2.344
2025-09-10T08:42:00Z,1009.9,2.344
2025-09-10T08:42:01Z,1009.9,2.344
2025-09-10T08:42:02Z,1009.9,2.344
2025-09-10T08:42:03Z,1009.9,2.344
2025-09-10T08:42:04Z,1009.9,2.331
2025-09-10T08:42:05Z,1009.9,2.328
2025-09-10T08:42:06Z,1009.9,2.328
2025-09-10T08:42:08Z,1009.9,2.331
2025-09-10T08:42:09Z,1009.9,2.331
2025-09-10T08:42:10Z,1009.9,2.331
2025-09-10T08:42:11Z,1009.9,2.341
2025-09-10T08:42:12Z,1009.9,2.341
2025-09-10T08:42:13Z,1009.9,2.344
2025-09-10T08:42:14Z,1009.9,2.362
2025-09-10T08:42:15Z,1009.9,2.378
2025-09-10T08:42:16Z,1009.9,2.394
2025-09-10T08:42:17Z,1009.9,2.407
2025-09-10T08:42:18Z,1009.9,2.431
2025-09-10T08:42:19Z,1009.9,2.444
2025-09-10T08:42:20Z,1009.9,2.465
2025-09-10T08:42:22Z,1009.9,2.468
2025-09-10T08:42:23Z,1009.9,2.478
2025-09-10T08:42:24Z,1009.9,2.478
2025-09-10T08:42:25Z,1009.9,2.471
2025-09-10T08:42:26Z,1009.9,2.449
2025-09-10T08:42:27Z,1009.9,2.442
2025-09-10T08:42:28Z,1009.9,2.431
2025-09-10T08:42:29Z,1009.9,2.399
2025-09-10T08:42:30Z,1009.9,2.394
2025-09-10T08:42:31Z,1009.9,2.386
2025-09-10T08:42:32Z,1009.9,2.365
2025-09-10T08:42:33Z,1009.9,2.344
2025-09-10T08:42:34Z,1009.9,2.338
2025-09-10T08:42:36Z,1009.9,2.336
2025-09-10T08:42:37Z,1009.9,2.331
2025-09-10T08:42:38Z,1009.9,2.336
2025-09-10T08:42:39Z,1009.9,2.336
2025-09-10T08:42:40Z,1009.9,2.336
2025-09-10T08:42:41Z,1009.9,2.336
2025-09-10T08:42:42Z,1009.9,2.333
2025-09-10T08:42:43Z,1009.9,2.331
2025-09-10T08:42:44Z,1009.9,2.320
2025-09-10T08:42:45Z,1009.9,2.304
2025-09-10T08:42:46Z,1009.9,2.304
2025-09-10T08:42:47Z,1009.9,2.304
2025-09-10T08:42:48Z,1009.9,2.304
2025-09-10T08:42:50Z,1009.9,2.341
2025-09-10T08:42:51Z,1009.9,2.365
2025-09-10T08:42:52Z,1009.9,2.407
2025-09-10T08:42:53Z,1009.9,2.455
2025-09-10T08:42:54Z,1009.9,2.500
2025-09-10T08:42:55Z,1009.9,2.515
2025-09-10T08:42:56Z,1009.8,2.547
2025-09-10T08:42:57Z,1009.8,2.558
2025-09-10T08:42:58Z,1009.8,2.558
2025-09-10T08:42:59Z,1009.9,2.537
2025-09-10T08:43:00Z,1009.9,2.537
2025-09-10T08:43:01Z,1009.9,2.539
2025-09-10T08:43:02Z,1009.8,2.542
2025-09-10T08:43:04Z,1009.8,2.571
2025-09-10T08:43:05Z,1009.8,2.621
2025-09-10T08:43:06Z,1009.8,2.661
2025-09-10T08:43:07Z,1009.8,2.695
2025-09-10T08:43:08Z,1009.8,2.695
2025-09-10T08:43:09Z,1009.8,2.690
2025-09-10T08:43:10Z,1009.8,2.671
2025-09-10T08:43:11Z,1009.8,2.650
2025-09-10T08:43:12Z,1009.8,2.632
2025-09-10T08:43:13Z,1009.8,2.619
2025-09-10T08:43:14Z,1009.8,2.619
2025-09-10T08:43:15Z,1009.8,2.619
2025-09-10T08:43:16Z,1009.8,2.619
2025-09-10T08:43:18Z,1009.8,2.632
2025-09-10T08:43:19Z,1009.8,2.645
2025-09-10T08:43:20Z,1009.8,2.661
2025-09-10T08:43:21Z,1009.8,2.685
2025-09-10T08:43:22Z,1009.8,2.711
2025-09-10T08:43:23Z,1009.8,2.753
2025-09-10T08:43:24Z,1009.8,2.788
2025-09-10T08:43:25Z,1009.8,2.835
2025-09-10T08:43:26Z,1009.8,2.880
2025-09-10T08:43:27Z,1009.8,2.938
2025-09-10T08:43:28Z,1009.8,2.975
2025-09-10T08:43:29Z,1009.8,2.991
2025-09-10T08:43:30Z,1009.8,3.012
2025-09-10T08:43:32Z,1009.8,3.036
2025-09-10T08:43:33Z,1009.8,3.044
2025-09-10T08:43:34Z,1009.8,3.052
2025-09-10T08:43:35Z,1009.8,3.065
2025-09-10T08:43:36Z,1009.8,3.065
2025-09-10T08:43:37Z,1009.8,3.033
2025-09-10T08:43:38Z,1009.8,3.004
2025-09-10T08:43:39Z,1009.8,2.973
2025-09-10T08:43:40Z,1009.8,2.946
2025-09-10T08:43:41Z,1009.8,2.946
2025-09-10T08:43:42Z,1009.8,2.933
2025-09-10T08:43:43Z,1009.8,2.922
2025-09-10T08:43:44Z,1009.8,2.909
2025-09-10T08:43:46Z,1009.8,2.867
2025-09-10T08:43:47Z,1009.8,2.846
2025-09-10T08:43:48Z,1009.8,2.819
2025-09-10T08:43:49Z,1009.8,2.819
2025-09-10T08:43:50Z,1009.8,2.833
2025-09-10T08:43:51Z,1009.8,2.848
2025-09-10T08:43:52Z,1009.8,2.877
2025-09-10T08:43:53Z,1009.8,2.899
2025-09-10T08:43:54Z,1009.8,2.917
2025-09-10T08:43:55Z,1009.8,2.928
2025-09-10T08:43:56Z,1009.8,2.930
2025-09-10T08:43:57Z,1009.8,2.941
2025-09-10T08:43:58Z,1009.8,2.951
2025-09-10T08:44:00Z,1009.8,2.951
2025-09-10T08:44:01Z,1009.8,2.941
2025-09-10T08:44:02Z,1009.8,2.920
2025-09-10T08:44:03Z,1009.8,2.896
2025-09-10T08:44:04Z,1009.8,2.862
2025-09-10T08:44:05Z,1009.8,2.822
2025-09-10T08:44:06Z,1009.8,2.814
2025-09-10T08:44:07Z,1009.8,2.814
2025-09-10T08:44:08Z,1009.8,2.825
2025-09-10T08:44:09Z,1009.8,2.875
2025-09-10T08:44:10Z,1009.8,2.899
2025-09-10T08:44:11Z,1009.8,2.949
2025-09-10T08:44:12Z,1009.8,2.975
2025-09-10T08:44:14Z,1009.8,2.983
2025-09-10T08:44:15Z,1009.8,2.983
2025-09-10T08:44:16Z,1009.8,2.983
2025-09-10T08:44:17Z,1009.8,2.981
2025-09-10T08:44:18Z,1009.8,2.983
2025-09-10T08:44:19Z,1009.8,2.988
2025-09-10T08:44:20Z,1009.8,3.010
2025-09-10T08:44:21Z,1009.8,3.049
2025-09-10T08:44:22Z,1009.8,3.073
2025-09-10T08:44:23Z,1009.8,3.099
2025-09-10T08:44:24Z,1009.8,3.136
2025-09-10T08:44:25Z,1009.8,3.136
2025-09-10T08:44:26Z,1009.8,3.136
2025-09-10T08:44:28Z,1009.8,3.118
2025-09-10T08:44:29Z,1009.8,3.107
2025-09-10T08:44:30Z,1009.8,3.062
2025-09-10T08:44:31Z,1009.8,3.028
2025-09-10T08:44:32Z,1009.8,3.007
2025-09-10T08:44:33Z,1009.8,3.004
2025-09-10T08:44:34Z,1009.8,3.002
2025-09-10T08:44:36Z,1009.8,3.002
2025-09-10T08:44:36Z,1009.8,3.002
2025-09-10T08:44:37Z,1009.8,3.002
2025-09-10T08:44:38Z,1009.8,2.999
2025-09-10T08:44:39Z,1009.8,2.999
2025-09-10T08:44:40Z,1009.8,2.999
2025-09-10T08:44:42Z,1009.8,2.991
2025-09-10T08:44:43Z,1009.8,2.981
2025-09-10T08:44:44Z,1009.8,2.970
2025-09-10T08:44:45Z,1009.8,2.938
2025-09-10T08:44:46Z,1009.8,2.917
2025-09-10T08:44:47Z,1009.8,2.912
2025-09-10T08:44:48Z,1009.8,2.912
2025-09-10T08:44:49Z,1009.8,2.907
2025-09-10T08:44:50Z,1009.8,2.899
2025-09-10T08:44:51Z,1009.8,2.893
2025-09-10T08:44:52Z,1009.8,2.888
2025-09-10T08:44:53Z,1009.8,2.888
2025-09-10T08:44:54Z,1009.8,2.907
2025-09-10T08:44:56Z,1009.8,2.920
2025-09-10T08:44:57Z,1009.8,2.928
2025-09-10T08:44:58Z,1009.8,2.933
2025-09-10T08:44:59Z,1009.8,2.928
2025-09-10T08:45:00Z,1009.8,2.922
2025-09-10T08:45:01Z,1009.8,2.912
2025-09-10T08:45:02Z,1009.8,2.907
2025-09-10T08:45:03Z,1009.8,2.901
2025-09-10T08:45:04Z,1009.8,2.901
2025-09-10T08:45:05Z,1009.8,2.901
2025-09-10T08:45:06Z,1009.8,2.901
2025-09-10T08:45:07Z,1009.8,2.901
2025-09-10T08:45:08Z,1009.8,2.896
2025-09-10T08:45:10Z,1009.8,2.899
2025-09-10T08:45:11Z,1009.8,2.899
2025-09-10T08:45:12Z,1009.8,2.904
2025-09-10T08:45:13Z,1009.8,2.928
2025-09-10T08:45:14Z,1009.8,2.933
2025-09-10T08:45:15Z,1009.8,2.949
2025-09-10T08:45:16Z,1009.8,2.965
2025-09-10T08:45:17Z,1009.8,2.981
2025-09-10T08:45:18Z,1009.8,2.981
2025-09-10T08:45:19Z,1009.8,2.981
2025-09-10T08:45:20Z,1009.8,2.978
2025-09-10T08:45:21Z,1009.8,2.967
2025-09-10T08:45:22Z,1009.8,2.962
2025-09-10T08:45:23Z,1009.8,2.962
2025-09-10T08:45:25Z,1009.8,2.965
2025-09-10T08:45:26Z,1009.8,2.973
2025-09-10T08:45:27Z,1009.8,2.988
2025-09-10T08:45:28Z,1009.8,3.004
2025-09-10T08:45:29Z,1009.8,3.018
2025-09-10T08:45:30Z,1009.8,3.018
2025-09-10T08:45:31Z,1009.8,3.018
2025-09-10T08:45:32Z,1009.8,3.018
2025-09-10T08:45:33Z,1009.8,3.018
2025-09-10T08:45:34Z,1009.8,3.039
2025-09-10T08:45:35Z,1009.8,3.057
2025-09-10T08:45:36Z,1009.8,3.084
2025-09-10T08:45:38Z,1009.8,3.089
2025-09-10T08:45:39Z,1009.8,3.092
2025-09-10T08:45:40Z,1009.8,3.092
2025-09-10T08:45:41Z,1009.8,3.092
2025-09-10T08:45:42Z,1009.8,3.070
2025-09-10T08:45:43Z,1009.8,3.057
2025-09-10T08:45:44Z,1009.8,3.004
2025-09-10T08:45:45Z,1009.8,2.973
2025-09-10T08:45:46Z,1009.8,2.920
2025-09-10T08:45:47Z,1009.8,2.870
2025-09-10T08:45:48Z,1009.8,2.817
2025-09-10T08:45:49Z,1009.8,2.788
2025-09-10T08:45:50Z,1009.8,2.769
2025-09-10T08:45:51Z,1009.8,2.759
2025-09-10T08:45:53Z,1009.8,2.759
2025-09-10T08:45:54Z,1009.8,2.764
2025-09-10T08:45:55Z,1009.8,2.790
2025-09-10T08:45:56Z,1009.8,2.811
2025-09-10T08:45:57Z,1009.8,2.843
2025-09-10T08:45:58Z,1009.8,2.870
2025-09-10T08:45:59Z,1009.8,2.912
2025-09-10T08:46:00Z,1009.8,2.954
2025-09-10T08:46:01Z,1009.8,2.999
2025-09-10T08:46:02Z,1009.8,3.060
2025-09-10T08:46:03Z,1009.8,3.121
2025-09-10T08:46:04Z,1009.8,3.173
2025-09-10T08:46:05Z,1009.8,3.224
2025-09-10T08:46:07Z,1009.8,3.250
2025-09-10T08:46:08Z,1009.8,3.284
2025-09-10T08:46:09Z,1009.8,3.306
2025-09-10T08:46:10Z,1009.8,3.327
2025-09-10T08:46:11Z,1009.8,3.332
2025-09-10T08:46:12Z,1009.8,3.353
2025-09-10T08:46:13Z,1009.7,3.398
2025-09-10T08:46:14Z,1009.7,3.443
2025-09-10T08:46:15Z,1009.7,3.504
2025-09-10T08:46:16Z,1009.7,3.570
2025-09-10T08:46:17Z,1009.7,3.599
2025-09-10T08:46:18Z,1009.7,3.599
2025-09-10T08:46:19Z,1009.7,3.586
2025-09-10T08:46:21Z,1009.7,3.564
2025-09-10T08:46:22Z,1009.7,3.533
2025-09-10T08:46:23Z,1009.7,3.522
2025-09-10T08:46:24Z,1009.7,3.512
2025-09-10T08:46:25Z,1009.7,3.509
2025-09-10T08:46:26Z,1009.7,3.509
2025-09-10T08:46:27Z,1009.7,3.517
2025-09-10T08:46:28Z,1009.7,3.517
2025-09-10T08:46:29Z,1009.7,3.509
2025-09-10T08:46:30Z,1009.7,3.469
2025-09-10T08:46:31Z,1009.7,3.435
2025-09-10T08:46:32Z,1009.8,3.374
2025-09-10T08:46:33Z,1009.8,3.313
2025-09-10T08:46:35Z,1009.8,3.287
2025-09-10T08:46:36Z,1009.8,3.284
2025-09-10T08:46:37Z,1009.8,3.276
2025-09-10T08:46:38Z,1009.8,3.263
2025-09-10T08:46:39Z,1009.8,3.242
2025-09-10T08:46:40Z,1009.8,3.142
2025-09-10T08:46:41Z,1009.8,2.883
2025-09-10T08:46:42Z,1009.8,2.632
2025-09-10T08:46:43Z,1009.9,2.375
2025-09-10T08:46:44Z,1009.9,2.140
2025-09-10T08:46:45Z,1009.9,2.140
2025-09-10T08:46:46Z,1009.9,2.320
2025-09-10T08:46:47Z,1009.9,2.537
2025-09-10T08:46:49Z,1009.8,2.753
2025-09-10T08:46:50Z,1009.8,2.957
2025-09-10T08:46:51Z,1009.8,3.015
2025-09-10T08:46:52Z,1009.8,3.015
2025-09-10T08:46:53Z,1009.8,3.007
2025-09-10T08:46:54Z,1009.8,3.007
2025-09-10T08:46:55Z,1009.8,3.007
2025-09-10T08:46:56Z,1009.8,3.012
2025-09-10T08:46:57Z,1009.8,3.033
2025-09-10T08:46:58Z,1009.8,3.036
2025-09-10T08:46:59Z,1009.8,3.057
2025-09-10T08:47:00Z,1009.8,3.097
2025-09-10T08:47:01Z,1009.8,3.150
2025-09-10T08:47:03Z,1009.8,3.179
2025-09-10T08:47:04Z,1009.8,3.216
2025-09-10T08:47:05Z,1009.8,3.216
2025-09-10T08:47:06Z,1009.8,3.192
2025-09-10T08:47:07Z,1009.8,3.150
2025-09-10T08:47:08Z,1009.8,3.099
2025-09-10T08:47:09Z,1009.8,3.068
2025-09-10T08:47:10Z,1009.8,3.041
2025-09-10T08:47:11Z,1009.8,3.041
2025-09-10T08:47:12Z,1009.8,3.073
2025-09-10T08:47:13Z,1009.8,3.144
2025-09-10T08:47:14Z,1009.8,3.181
2025-09-10T08:47:15Z,1009.8,3.210
2025-09-10T08:47:17Z,1009.8,3.224
2025-09-10T08:47:18Z,1009.8,3.224
2025-09-10T08:47:19Z,1009.8,3.229
2025-09-10T08:47:20Z,1009.8,3.255
2025-09-10T08:47:21Z,1009.8,3.332
2025-09-10T08:47:22Z,1009.7,3.422
2025-09-10T08:47:23Z,1009.7,3.514
2025-09-10T08:47:24Z,1009.7,3.636
2025-09-10T08:47:25Z,1009.7,3.744
2025-09-10T08:47:26Z,1009.7,3.823
2025-09-10T08:47:27Z,1009.7,3.903
2025-09-10T08:47:28Z,1009.7,3.966
2025-09-10T08:47:29Z,1009.7,3.966
2025-09-10T08:47:31Z,1009.7,3.934
2025-09-10T08:47:32Z,1009.7,3.868
2025-09-10T08:47:33Z,1009.7,3.779
2025-09-10T08:47:34Z,1009.7,3.691
2025-09-10T08:47:35Z,1009.7,3.609
2025-09-10T08:47:36Z,1009.7,3.541
2025-09-10T08:47:37Z,1009.7,3.504
2025-09-10T08:47:38Z,1009.7,3.448
2025-09-10T08:47:39Z,1009.7,3.385
2025-09-10T08:47:40Z,1009.8,3.372
2025-09-10T08:47:41Z,1009.8,3.369
2025-09-10T08:47:42Z,1009.8,3.366
2025-09-10T08:47:43Z,1009.8,3.366
2025-09-10T08:47:45Z,1009.7,3.380
2025-09-10T08:47:46Z,1009.7,3.380
2025-09-10T08:47:47Z,1009.8,3.364
2025-09-10T08:47:48Z,1009.8,3.348
2025-09-10T08:47:49Z,1009.8,3.348
2025-09-10T08:47:50Z,1009.8,3.353
2025-09-10T08:47:51Z,1009.8,3.369
2025-09-10T08:47:52Z,1009.7,3.419
2025-09-10T08:47:53Z,1009.7,3.467
2025-09-10T08:47:54Z,1009.7,3.496
2025-09-10T08:47:55Z,1009.7,3.533
2025-09-10T08:47:56Z,1009.7,3.583
2025-09-10T08:47:57Z,1009.7,3.601
2025-09-10T08:47:59Z,1009.7,3.620
2025-09-10T08:48:00Z,1009.7,3.620
2025-09-10T08:48:01Z,1009.7,3.599
2025-09-10T08:48:02Z,1009.7,3.535
2025-09-10T08:48:03Z,1009.7,3.438
2025-09-10T08:48:04Z,1009.8,3.350
2025-09-10T08:48:05Z,1009.8,3.271
2025-09-10T08:48:06Z,1009.8,3.242
2025-09-10T08:48:07Z,1009.8,3.216
2025-09-10T08:48:08Z,1009.8,3.216
2025-09-10T08:48:09Z,1009.8,3.216
2025-09-10T08:48:10Z,1009.8,3.216
2025-09-10T08:48:11Z,1009.8,3.210
2025-09-10T08:48:13Z,1009.8,3.202
2025-09-10T08:48:14Z,1009.8,3.202
2025-09-10T08:48:15Z,1009.8,3.195
2025-09-10T08:48:16Z,1009.8,3.195
2025-09-10T08:48:17Z,1009.8,3.258
2025-09-10T08:48:18Z,1009.8,3.348
2025-09-10T08:48:19Z,1009.7,3.446
2025-09-10T08:48:20Z,1009.7,3.559
2025-09-10T08:48:21Z,1009.7,3.686
2025-09-10T08:48:22Z,1009.7,3.747
2025-09-10T08:48:23Z,1009.7,3.789
2025-09-10T08:48:24Z,1009.7,3.823
2025-09-10T08:48:25Z,1009.7,3.823
2025-09-10T08:48:27Z,1009.7,3.776
2025-09-10T08:48:28Z,1009.7,3.747
2025-09-10T08:48:29Z,1009.7,3.710
2025-09-10T08:48:30Z,1009.7,3.662
2025-09-10T08:55:28Z,1009.7,3.607
2025-09-10T08:55:28Z,1009.7,3.623
2025-09-10T08:55:28Z,1009.7,3.554
2025-09-10T08:55:28Z,1009.7,3.599
2025-09-10T08:55:28Z,1009.7,3.572
2025-09-10T08:55:28Z,1009.7,3.612
2025-09-10T08:55:28Z,1009.7,3.472
2025-09-10T08:55:28Z,1009.7,3.527
2025-09-10T08:55:28Z,1009.7,3.451
2025-09-10T08:55:28Z,1009.7,3.417
2025-09-10T08:55:28Z,1009.7,3.551
2025-09-10T08:55:28Z,1009.7,3.422
2025-09-10T08:55:28Z,1009.7,3.599
2025-09-10T08:55:28Z,1009.7,3.477
2025-09-10T08:55:28Z,1009.7,3.514
2025-09-10T08:55:28Z,1009.7,3.612
2025-09-10T08:55:28Z,1009.7,3.694
2025-09-10T08:55:28Z,1009.7,3.784
2025-09-10T08:55:28Z,1009.7,3.868
2025-09-10T08:55:28Z,1009.7,3.926
2025-09-10T08:55:28Z,1009.7,3.966
2025-09-10T08:55:28Z,1009.7,4.000
2025-09-10T08:55:28Z,1009.7,4.030
2025-09-10T08:55:28Z,1009.7,3.620
2025-09-10T08:55:28Z,1009.7,3.469
2025-09-10T08:55:28Z,1009.7,4.104
2025-09-10T08:55:28Z,1009.7,3.417
2025-09-10T08:55:28Z,1009.7,3.443
2025-09-10T08:55:28Z,1009.7,3.422
2025-09-10T08:55:28Z,1009.7,3.599
2025-09-10T08:55:28Z,1009.6,4.249
2025-09-10T08:55:28Z,1009.7,3.562
2025-09-10T08:55:28Z,1009.7,4.074
2025-09-10T08:55:28Z,1009.7,4.146
2025-09-10T08:55:28Z,1009.6,4.254
2025-09-10T08:55:28Z,1009.7,4.209
2025-09-10T08:55:28Z,1009.7,4.196
2025-09-10T08:55:28Z,1009.7,4.207
2025-09-10T08:55:28Z,1009.7,4.207
2025-09-10T08:55:28Z,1009.6,4.254
2025-09-10T08:55:28Z,1009.6,4.222
2025-09-10T08:55:28Z,1009.6,4.220
2025-09-10T08:55:28Z,1009.7,4.209
2025-09-10T08:55:28Z,1009.6,4.230
2025-09-10T08:55:28Z,1009.6,4.259
2025-09-10T08:55:28Z,1009.6,4.249
2025-09-10T08:55:28Z,1009.7,4.175
2025-09-10T08:55:28Z,1009.6,4.278
2025-09-10T08:55:28Z,1009.7,4.207
2025-09-10T08:55:28Z,1009.6,4.270
2025-09-10T08:55:28Z,1009.6,4.241
2025-09-10T08:55:28Z,1009.6,4.267
2025-09-10T08:55:28Z,1009.6,4.238
2025-09-10T08:55:28Z,1009.6,4.241
2025-09-10T08:55:28Z,1009.6,4.307
2025-09-10T08:55:28Z,1009.6,4.265
2025-09-10T08:55:29Z,1009.2,8.056
2025-09-10T08:55:29Z,1009.2,8.064
2025-09-10T08:55:30Z,1009.2,8.064
2025-09-10T08:55:31Z,1009.2,8.038
2025-09-10T08:55:32Z,1009.2,8.012
2025-09-10T08:55:34Z,1009.2,7.998
2025-09-10T08:55:35Z,1009.2,7.980
2025-09-10T08:55:36Z,1009.2,7.932
2025-09-10T08:55:37Z,1009.2,7.882
2025-09-10T08:55:38Z,1009.2,7.787
2025-09-10T08:55:39Z,1009.2,7.628
2025-09-10T08:55:40Z,1009.3,7.409
2025-09-10T08:55:42Z,1009.3,7.129
2025-09-10T08:55:43Z,1009.3,6.791
2025-09-10T08:55:44Z,1009.4,6.442
2025-09-10T08:55:45Z,1009.4,6.104
2025-09-10T08:55:46Z,1009.5,5.779
2025-09-10T08:55:47Z,1009.5,5.509
2025-09-10T08:55:48Z,1009.5,5.234
2025-09-10T08:55:49Z,1009.6,4.973
2025-09-10T08:55:50Z,1009.6,4.706
2025-09-10T08:55:51Z,1009.6,4.423
2025-09-10T08:55:52Z,1009.7,4.088
2025-09-10T08:55:53Z,1009.7,3.794
2025-09-10T08:55:54Z,1009.7,3.535
2025-09-10T08:55:56Z,1009.8,3.350
2025-09-10T08:55:57Z,1009.8,3.329
2025-09-10T08:55:58Z,1009.8,3.329
2025-09-10T08:55:59Z,1009.7,3.477
2025-09-10T08:56:00Z,1009.7,3.689
2025-09-10T08:56:01Z,1009.7,3.961
2025-09-10T08:56:02Z,1009.6,4.257
2025-09-10T08:56:03Z,1009.6,4.555
2025-09-10T08:56:04Z,1009.6,4.841
2025-09-10T08:56:05Z,1009.5,5.084
2025-09-10T08:56:06Z,1009.5,5.314
2025-09-10T08:56:07Z,1009.5,5.515
2025-09-10T08:56:08Z,1009.5,5.729
2025-09-10T08:56:10Z,1009.4,5.940
2025-09-10T08:56:11Z,1009.4,6.194
2025-09-10T08:56:12Z,1009.4,6.450
2025-09-10T08:56:13Z,1009.4,6.696
2025-09-10T08:56:14Z,1009.3,6.920
2025-09-10T08:56:15Z,1009.3,7.153
2025-09-10T08:56:16Z,1009.3,7.364
2025-09-10T08:56:17Z,1009.3,7.525
2025-09-10T08:56:18Z,1009.2,7.647
2025-09-10T08:56:19Z,1009.2,7.747
2025-09-10T08:56:20Z,1009.2,7.787
2025-09-10T08:56:21Z,1009.2,7.792
2025-09-10T08:56:22Z,1009.2,7.797
2025-09-10T09:30:14Z,1009.0,0.000
2025-09-10T09:30:15Z,1009.0,-0.026
2025-09-10T09:30:16Z,1009.0,-0.055
2025-09-10T09:30:17Z,1009.0,-0.079
2025-09-10T09:30:18Z,1009.0,-0.111
2025-09-10T09:30:19Z,1009.0,-0.132
2025-09-10T09:30:20Z,1009.0,-0.143
2025-09-10T09:30:22Z,1009.0,-0.159
2025-09-10T09:30:23Z,1009.0,-0.174
2025-09-10T09:30:24Z,1009.0,-0.188
2025-09-10T09:30:25Z,1009.0,-0.188
2025-09-10T09:44:59Z,990.6,0.000
2025-09-10T09:45:00Z,990.7,-0.906
2025-09-10T09:45:01Z,990.8,-1.810
2025-09-10T09:45:02Z,991.1,-4.193
2025-09-10T09:45:03Z,991.4,-6.923
2025-09-10T09:45:04Z,991.7,-9.716
2025-09-10T09:45:06Z,991.8,-10.506
2025-09-10T09:45:07Z,992.2,-13.685
2025-09-10T09:45:08Z,992.6,-16.832
2025-09-10T09:45:09Z,992.9,-19.870
2025-09-10T09:45:10Z,993.3,-22.822
2025-09-10T09:45:11Z,993.6,-25.601
2025-09-10T09:45:12Z,993.9,-28.172
2025-09-10T09:45:13Z,994.2,-30.527
2025-09-10T09:45:14Z,994.4,-32.722
2025-09-10T09:45:15Z,994.7,-34.815
2025-09-10T09:45:16Z,994.9,-36.818
2025-09-10T09:45:17Z,995.2,-38.739
2025-09-10T09:45:18Z,995.4,-40.570
2025-09-10T09:45:20Z,995.6,-42.322
2025-09-10T09:45:21Z,995.8,-43.947
2025-09-10T09:45:22Z,996.0,-45.485
2025-09-10T09:45:23Z,996.1,-46.962
2025-09-10T09:45:24Z,996.3,-48.365
2025-09-10T09:45:25Z,996.5,-49.694
2025-09-10T09:45:26Z,996.6,-50.936
2025-09-10T09:45:27Z,996.7,-52.091
2025-09-10T09:45:28Z,996.9,-53.158
2025-09-10T09:45:29Z,997.0,-54.109
2025-09-10T09:45:30Z,997.1,-55.013
2025-09-10T09:45:31Z,997.2,-55.840
2025-09-10T09:45:32Z,997.3,-56.580
2025-09-10T09:45:34Z,997.4,-57.256
2025-09-10T09:45:35Z,997.4,-57.928
2025-09-10T09:45:36Z,997.5,-58.530
2025-09-10T09:45:37Z,997.6,-59.125
2025-09-10T09:45:38Z,997.6,-59.695
2025-09-10T09:45:39Z,997.7,-60.248
2025-09-10T09:45:40Z,997.8,-60.768
2025-09-10T09:45:41Z,997.8,-61.299
2025-09-10T09:45:42Z,997.9,-61.793
2025-09-10T09:45:43Z,997.9,-62.282
2025-09-10T09:45:44Z,998.0,-62.758
2025-09-10T09:45:45Z,998.1,-63.207
2025-09-10T09:45:46Z,998.1,-63.553
2025-09-10T09:45:48Z,998.1,-63.820
2025-09-10T09:45:49Z,998.2,-64.026
2025-09-10T09:45:50Z,998.2,-64.182
2025-09-10T09:45:51Z,998.2,-64.346
2025-09-10T09:45:52Z,998.2,-64.528
2025-09-10T09:45:53Z,998.2,-64.782
2025-09-10T09:45:54Z,998.3,-65.080
2025-09-10T09:45:55Z,998.3,-65.424
2025-09-10T09:45:56Z,998.4,-65.783
2025-09-10T09:45:57Z,998.4,-66.219
2025-09-10T09:45:58Z,998.5,-66.700
2025-09-10T09:45:59Z,998.5,-67.213
2025-09-10T09:46:00Z,998.6,-67.744
2025-09-10T09:46:02Z,998.7,-68.233
2025-09-10T09:46:03Z,998.7,-68.647
2025-09-10T09:46:04Z,998.7,-69.012
2025-09-10T09:46:05Z,998.8,-69.313
2025-09-10T09:46:06Z,998.8,-69.572
2025-09-10T09:46:07Z,998.8,-69.800
2025-09-10T09:46:08Z,998.9,-70.014
2025-09-10T09:46:09Z,998.9,-70.199
2025-09-10T09:46:10Z,998.9,-70.378
2025-09-10T09:46:11Z,998.9,-70.558
2025-09-10T09:46:12Z,999.0,-70.727
2025-09-10T09:46:13Z,999.0,-70.899
2025-09-10T09:46:14Z,999.0,-71.076
2025-09-10T09:46:16Z,999.0,-71.258
2025-09-10T09:46:17Z,999.0,-71.443
2025-09-10T09:46:18Z,999.1,-71.617
2025-09-10T09:46:19Z,999.1,-71.739
2025-09-10T09:46:20Z,999.1,-71.779
2025-09-10T09:46:21Z,999.1,-71.779
2025-09-10T09:46:22Z,999.1,-71.768
2025-09-10T09:46:23Z,999.1,-71.768
2025-09-10T09:46:24Z,999.1,-71.771
2025-09-10T09:46:25Z,999.1,-71.879
2025-09-10T09:46:26Z,999.1,-72.011
2025-09-10T09:46:27Z,999.1,-72.172
2025-09-10T09:46:28Z,999.1,-72.384
2025-09-10T09:46:30Z,999.2,-72.569
2025-09-10T09:46:31Z,999.2,-72.569
2025-09-10T09:46:32Z,999.2,-72.405
2025-09-10T09:46:33Z,999.1,-71.884
2025-09-10T09:46:34Z,999.0,-71.181
2025-09-10T09:46:35Z,998.9,-70.473
2025-09-10T09:46:36Z,998.9,-69.895
2025-09-10T09:46:37Z,998.8,-69.715
2025-09-10T09:46:38Z,998.8,-69.715
2025-09-10T09:46:39Z,998.9,-70.014
2025-09-10T09:46:40Z,998.9,-70.354
2025-09-10T09:46:41Z,999.0,-70.714
2025-09-10T09:46:42Z,999.0,-71.100
2025-09-10T09:46:43Z,999.0,-71.514
2025-09-10T09:46:45Z,999.1,-72.016
2025-09-10T09:46:46Z,999.2,-72.672
2025-09-10T09:46:47Z,999.3,-73.393
2025-09-10T09:46:48Z,999.4,-74.104
2025-09-10T09:46:49Z,999.4,-74.709
2025-09-10T09:46:50Z,999.5,-75.100
2025-09-10T09:46:51Z,999.5,-75.235
2025-09-10T09:46:52Z,999.5,-75.235
2025-09-10T09:46:53Z,999.5,-75.224
2025-09-10T09:46:54Z,999.5,-75.224
2025-09-10T09:46:55Z,999.5,-75.375
2025-09-10T09:46:56Z,999.5,-75.602
2025-09-10T09:46:57Z,999.6,-75.924
2025-09-10T09:46:59Z,999.6,-76.265
2025-09-10T09:47:00Z,999.7,-76.712
2025-09-10T09:47:01Z,999.7,-77.248
2025-09-10T09:47:02Z,999.8,-77.861
2025-09-10T09:47:03Z,999.9,-78.482
2025-09-10T09:47:04Z,999.9,-79.077
2025-09-10T09:47:05Z,1000.0,-79.584
2025-09-10T09:47:06Z,1000.0,-79.965
2025-09-10T09:47:07Z,1000.1,-80.176
2025-09-10T09:47:08Z,1000.1,-80.221
2025-09-10T09:47:09Z,1000.1,-80.260
2025-09-10T09:47:10Z,1000.1,-80.477
2025-09-10T09:47:11Z,1000.2,-80.892
2025-09-10T09:47:13Z,1000.2,-81.518
2025-09-10T09:47:14Z,1000.3,-82.411
2025-09-10T09:47:15Z,1000.5,-83.405
2025-09-10T09:47:16Z,1000.6,-84.245
2025-09-10T09:47:17Z,1000.6,-84.924
2025-09-10T09:47:18Z,1000.7,-85.587
2025-09-10T09:47:19Z,1000.8,-86.174
2025-09-10T09:47:20Z,1000.9,-86.697
2025-09-10T09:47:21Z,1001.0,-87.744
2025-09-10T09:47:22Z,1001.1,-88.600
2025-09-10T09:47:23Z,1001.2,-89.289
2025-09-10T09:47:24Z,1001.2,-89.812
2025-09-10T09:47:25Z,1001.2,-89.876
2025-09-10T09:47:27Z,1001.2,-89.876
2025-09-10T09:47:28Z,1001.2,-89.514
2025-09-10T09:47:29Z,1001.1,-89.165
2025-09-10T09:47:30Z,1001.1,-88.787
2025-09-10T09:47:31Z,1001.1,-88.491
2025-09-10T09:47:32Z,1001.0,-88.121
2025-09-10T09:47:33Z,1000.9,-87.371
2025-09-10T09:47:34Z,1000.9,-86.798
2025-09-10T09:47:35Z,1000.9,-86.798
2025-09-10T09:47:36Z,1000.9,-86.803
2025-09-10T09:47:37Z,1000.9,-86.924
2025-09-10T09:47:38Z,1001.0,-87.654
2025-09-10T09:47:39Z,1001.0,-88.296
2025-09-10T09:47:41Z,1001.1,-88.573
2025-09-10T09:47:42Z,1001.1,-88.602
2025-09-10T09:47:43Z,1001.1,-88.763
2025-09-10T09:47:44Z,1001.1,-88.861
2025-09-10T09:47:45Z,1001.1,-88.861
2025-09-10T09:47:46Z,1001.1,-88.623
2025-09-10T09:47:47Z,1001.0,-87.810
2025-09-10T09:47:48Z,1000.9,-86.983
2025-09-10T09:47:49Z,1000.8,-86.274
2025-09-10T09:47:50Z,1000.7,-85.577
2025-09-10T09:47:51Z,1000.7,-85.133
2025-09-10T09:47:52Z,1000.7,-85.133
2025-09-10T09:47:53Z,1000.7,-85.722
2025-09-10T09:47:55Z,1000.8,-86.058
2025-09-10T09:47:56Z,1000.8,-86.354
2025-09-10T09:47:57Z,1000.8,-86.565
2025-09-10T09:47:58Z,1000.8,-86.565
2025-09-10T09:47:59Z,1000.8,-86.148
2025-09-10T09:48:00Z,1000.7,-85.809
2025-09-10T09:48:01Z,1000.7,-85.590
2025-09-10T09:48:02Z,1000.7,-85.590
2025-09-10T09:48:03Z,1000.8,-86.029
2025-09-10T09:48:04Z,1000.8,-86.029
2025-09-10T09:48:05Z,1000.8,-86.029
2025-09-10T09:48:06Z,1000.8,-86.216
2025-09-10T09:48:07Z,1000.8,-86.216
2025-09-10T09:48:09Z,1000.8,-85.857
2025-09-10T09:48:10Z,1000.7,-85.778
2025-09-10T09:48:11Z,1000.7,-85.770
2025-09-10T09:48:12Z,1000.7,-85.693
2025-09-10T09:48:13Z,1000.7,-85.022
2025-09-10T09:48:14Z,1000.6,-84.787
2025-09-10T09:48:15Z,1000.6,-84.774
2025-09-10T09:48:16Z,1000.6,-84.755
2025-09-10T09:48:17Z,1000.6,-84.583
2025-09-10T09:48:18Z,1000.6,-84.575
2025-09-10T09:48:19Z,1000.6,-84.575
2025-09-10T09:48:20Z,1000.6,-84.523
2025-09-10T09:48:21Z,1000.6,-84.517
2025-09-10T09:48:23Z,1000.6,-84.512
2025-09-10T09:48:24Z,1000.6,-84.509
2025-09-10T09:48:25Z,1000.6,-84.509
2025-09-10T09:48:26Z,1000.6,-84.525
2025-09-10T09:48:27Z,1000.6,-84.528
2025-09-10T09:48:28Z,1000.6,-84.544
2025-09-10T09:48:29Z,1000.6,-84.562
2025-09-10T09:48:30Z,1000.6,-84.594
2025-09-10T09:48:31Z,1000.6,-84.602
2025-09-10T09:48:32Z,1000.6,-84.631
2025-09-10T09:48:33Z,1000.6,-84.652
2025-09-10T09:48:34Z,1000.6,-84.655
2025-09-10T09:48:35Z,1000.6,-84.668
2025-09-10T09:48:37Z,1000.6,-84.673
2025-09-10T09:48:38Z,1000.6,-84.671
2025-09-10T09:48:39Z,1000.6,-84.673
2025-09-10T09:48:40Z,1000.6,-84.673
2025-09-10T09:48:41Z,1000.6,-84.684
2025-09-10T09:48:42Z,1000.6,-84.694
2025-09-10T09:48:43Z,1000.6,-84.715
2025-09-10T09:48:44Z,1000.6,-84.731
2025-09-10T09:48:45Z,1000.6,-84.744
2025-09-10T09:48:46Z,1000.6,-84.744
2025-09-10T09:48:47Z,1000.6,-84.742
2025-09-10T09:48:48Z,1000.6,-84.723
2025-09-10T09:48:49Z,1000.6,-84.718
2025-09-10T09:48:51Z,1000.6,-84.697
2025-09-10T09:48:52Z,1000.6,-84.686
2025-09-10T09:48:53Z,1000.6,-84.681
2025-09-10T09:48:54Z,1000.6,-84.671
2025-09-10T09:48:55Z,1000.6,-84.665
2025-09-10T09:48:56Z,1000.6,-84.665
2025-09-10T09:48:57Z,1000.6,-84.678
2025-09-10T09:48:58Z,1000.6,-84.697
2025-09-10T09:48:59Z,1000.6,-84.702
2025-09-10T09:49:00Z,1000.6,-84.705
2025-09-10T09:49:01Z,1000.6,-84.707
2025-09-10T09:49:02Z,1000.6,-84.705
2025-09-10T09:49:03Z,1000.6,-84.700
2025-09-10T09:49:05Z,1000.6,-84.697
2025-09-10T09:49:06Z,1000.6,-84.700
2025-09-10T09:49:07Z,1000.6,-84.718
2025-09-10T09:49:08Z,1000.6,-84.726
2025-09-10T09:49:09Z,1000.6,-84.755
2025-09-10T09:49:10Z,1000.6,-84.800
2025-09-10T09:49:11Z,1000.6,-84.800
2025-09-10T09:49:12Z,1000.6,-84.795
2025-09-10T09:49:13Z,1000.6,-84.784
2025-09-10T09:49:14Z,1000.6,-84.755
2025-09-10T09:49:15Z,1000.6,-84.707
2025-09-10T09:49:16Z,1000.6,-84.707
2025-09-10T09:49:17Z,1000.6,-84.763
2025-09-10T09:49:19Z,1000.6,-84.763
2025-09-10T09:49:20Z,1000.6,-84.784
2025-09-10T09:49:21Z,1000.6,-84.747
2025-09-10T09:49:22Z,1000.6,-84.737
2025-09-10T09:49:23Z,1000.6,-84.686
2025-09-10T09:49:24Z,1000.6,-84.686
2025-09-10T09:49:25Z,1000.6,-84.715
2025-09-10T09:49:26Z,1000.6,-84.737
2025-09-10T09:49:27Z,1000.6,-84.755
2025-09-10T09:49:28Z,1000.6,-84.755
2025-09-10T09:49:29Z,1000.6,-84.747
2025-09-10T09:49:30Z,1000.6,-84.744
2025-09-10T09:49:31Z,1000.6,-84.734
2025-09-10T09:49:32Z,1000.6,-84.734
2025-09-10T09:49:34Z,1000.6,-84.729
2025-09-10T09:49:35Z,1000.6,-84.726
2025-09-10T09:49:36Z,1000.6,-84.710
2025-09-10T09:49:37Z,1000.6,-84.700
2025-09-10T09:49:38Z,1000.6,-84.697
2025-09-10T09:49:39Z,1000.6,-84.684
2025-09-10T09:49:40Z,1000.6,-84.673
2025-09-10T09:49:41Z,1000.6,-84.671
2025-09-10T09:49:42Z,1000.6,-84.604
2025-09-10T09:49:43Z,1000.6,-84.486
2025-09-10T09:49:44Z,1000.6,-84.319
2025-09-10T09:49:45Z,1000.5,-84.110
2025-09-10T09:49:46Z,1000.5,-83.846
2025-09-10T09:49:48Z,1000.5,-83.590
2025-09-10T09:49:49Z,1000.4,-83.323
2025-09-10T09:49:50Z,1000.4,-83.088
2025-09-10T09:49:51Z,1000.4,-82.882
2025-09-10T09:49:52Z,1000.4,-82.686
2025-09-10T09:49:53Z,1000.4,-82.509
2025-09-10T09:49:54Z,1000.3,-82.340
2025-09-10T09:49:55Z,1000.3,-82.179
2025-09-10T09:49:56Z,1000.3,-81.970
2025-09-10T09:49:57Z,1000.3,-81.761
2025-09-10T09:49:58Z,1000.2,-81.521
2025-09-10T09:49:59Z,1000.2,-81.304
2025-09-10T09:50:13Z,1000.2,-80.826
2025-09-10T09:50:13Z,1000.2,-81.098
2025-09-10T09:50:13Z,1000.2,-80.958
2025-09-10T09:50:13Z,1000.1,-80.776
2025-09-10T09:50:13Z,1000.1,-80.728
2025-09-10T09:50:13Z,1000.1,-80.723
2025-09-10T09:50:13Z,1000.1,-80.710
2025-09-10T09:50:13Z,1000.1,-80.699
2025-09-10T09:50:13Z,1000.1,-80.699
2025-09-10T09:50:13Z,1000.1,-80.699
2025-09-10T09:50:13Z,1000.1,-80.699
2025-09-10T09:50:13Z,1000.1,-80.747
2025-09-10T09:50:13Z,1000.1,-80.673
2025-09-10T09:50:14Z,1000.1,-80.607
2025-09-10T09:50:16Z,1000.1,-80.514
2025-09-10T09:50:17Z,1000.1,-80.435
2025-09-10T09:50:18Z,1000.1,-80.345
2025-09-10T09:50:19Z,1000.1,-80.295
2025-09-10T09:50:20Z,1000.1,-80.292
2025-09-10T09:50:21Z,1000.1,-80.292
2025-09-10T09:50:22Z,1000.1,-80.292
2025-09-10T09:50:23Z,1000.1,-80.290
2025-09-10T09:50:24Z,1000.1,-80.287
2025-09-10T09:50:25Z,1000.1,-80.287
2025-09-10T09:50:26Z,1000.1,-80.295
2025-09-10T09:50:27Z,1000.1,-80.316
2025-09-10T09:50:28Z,1000.1,-80.327
2025-09-10T09:50:30Z,1000.1,-80.329
2025-09-10T09:50:31Z,1000.1,-80.340
2025-09-10T09:50:32Z,1000.1,-80.348
2025-09-10T09:50:33Z,1000.1,-80.353
2025-09-10T09:50:34Z,1000.1,-80.356
2025-09-10T09:50:35Z,1000.1,-80.356
2025-09-10T09:50:36Z,1000.1,-80.358
2025-09-10T09:50:37Z,1000.1,-80.356
2025-09-10T09:50:38Z,1000.1,-80.342
2025-09-10T09:50:39Z,1000.1,-80.342
2025-09-10T09:50:40Z,1000.1,-80.356
2025-09-10T09:50:41Z,1000.1,-80.361
2025-09-10T09:50:42Z,1000.1,-80.371
2025-09-10T09:50:44Z,1000.1,-80.390
2025-09-10T09:50:45Z,1000.1,-80.395
2025-09-10T09:50:46Z,1000.1,-80.398
2025-09-10T09:50:47Z,1000.1,-80.401
2025-09-10T09:50:48Z,1000.1,-80.406
2025-09-10T09:50:49Z,1000.1,-80.406
2025-09-10T09:50:50Z,1000.1,-80.403
2025-09-10T09:50:51Z,1000.1,-80.390
2025-09-10T09:50:52Z,1000.1,-80.387
2025-09-10T09:50:53Z,1000.1,-80.387
2025-09-10T09:50:54Z,1000.1,-80.424
2025-09-10T09:50:55Z,1000.1,-80.543
2025-09-10T09:50:56Z,1000.1,-80.712
2025-09-10T09:50:58Z,1000.2,-80.961
2025-09-10T09:50:59Z,1000.2,-81.222
2025-09-10T09:51:00Z,1000.2,-81.523
2025-09-10T09:51:01Z,1000.3,-81.830
2025-09-10T09:51:02Z,1000.3,-82.137
2025-09-10T09:51:03Z,1000.3,-82.401
2025-09-10T09:51:04Z,1000.4,-82.628
2025-09-10T09:51:05Z,1000.4,-82.810
2025-09-10T09:51:06Z,1000.4,-82.987
2025-09-10T09:51:07Z,1000.4,-83.156
2025-09-10T09:51:08Z,1000.5,-83.349
2025-09-10T09:51:09Z,1000.5,-83.590
2025-09-10T09:51:10Z,1000.5,-83.859
2025-09-10T09:51:12Z,1000.5,-84.121
2025-09-10T09:51:13Z,1000.6,-84.388
2025-09-10T09:51:14Z,1000.6,-84.665
2025-09-10T09:51:15Z,1000.6,-84.951
2025-09-10T09:51:16Z,1000.7,-85.183
2025-09-10T09:51:17Z,1000.7,-85.352
2025-09-10T09:51:18Z,1000.7,-85.455
2025-09-10T09:51:19Z,1000.7,-85.519
2025-09-10T09:51:20Z,1000.7,-85.519
2025-09-10T09:51:21Z,1000.7,-85.521
2025-09-10T09:51:22Z,1000.7,-85.532
2025-09-10T09:51:23Z,1000.7,-85.553
2025-09-10T09:51:24Z,1000.7,-85.553
2025-09-10T09:51:26Z,1000.7,-85.542
2025-09-10T09:51:27Z,1000.7,-85.542
2025-09-10T09:51:28Z,1000.7,-85.548
2025-09-10T09:51:29Z,1000.7,-85.558
2025-09-10T09:51:30Z,1000.7,-85.566
2025-09-10T09:51:31Z,1000.7,-85.579
2025-09-10T09:51:32Z,1000.7,-85.579
2025-09-10T09:51:33Z,1000.7,-85.577
2025-09-10T09:51:34Z,1000.7,-85.577
2025-09-10T09:51:35Z,1000.7,-85.574
2025-09-10T09:51:36Z,1000.7,-85.577
2025-09-10T10:04:37Z,1000.9,0.000
2025-09-10T10:04:38Z,1000.9,-0.013
2025-09-10T10:04:39Z,1000.9,-0.029
2025-09-10T10:04:40Z,1000.9,-0.135
2025-09-10T10:04:41Z,1001.0,-0.283
2025-09-10T10:04:42Z,1001.0,-0.399
2025-09-10T10:04:43Z,1001.0,-0.454
2025-09-10T10:04:44Z,1001.0,-0.618
2025-09-10T10:04:45Z,1001.0,-0.753
2025-09-10T10:04:47Z,1001.0,-0.880
2025-09-10T10:04:48Z,1001.1,-1.099
2025-09-10T10:04:49Z,1001.1,-1.313
2025-09-10T10:04:50Z,1001.1,-1.522
2025-09-10T10:04:51Z,1001.1,-1.731
2025-09-10T10:04:52Z,1001.2,-1.937
2025-09-10T10:04:53Z,1001.2,-2.040
2025-09-10T10:04:54Z,1001.2,-2.132
2025-09-10T10:04:55Z,1001.2,-2.267
2025-09-10T10:04:56Z,1001.2,-2.402
2025-09-10T10:04:57Z,1001.2,-2.526
2025-09-10T10:04:58Z,1001.2,-2.632
2025-09-10T10:04:59Z,1001.2,-2.645
2025-09-10T10:05:01Z,1001.2,-2.645
2025-09-10T10:05:02Z,1001.2,-2.611
2025-09-10T10:05:03Z,1001.2,-2.545
2025-09-10T10:05:04Z,1001.2,-2.463
2025-09-10T10:05:05Z,1001.2,-2.389
2025-09-10T10:05:06Z,1001.2,-2.312
2025-09-10T10:05:07Z,1001.2,-2.225
2025-09-10T10:05:08Z,1001.2,-2.156
2025-09-10T10:05:09Z,1001.2,-2.132
2025-09-10T10:05:10Z,1001.2,-2.132
2025-09-10T10:05:11Z,1001.2,-2.190
2025-09-10T10:05:12Z,1001.2,-2.291
2025-09-10T10:05:13Z,1001.2,-2.381
2025-09-10T10:05:15Z,1001.2,-2.381
2025-09-10T10:05:16Z,1001.2,-2.362
2025-09-10T10:05:17Z,1001.2,-2.278
2025-09-10T10:05:18Z,1001.2,-2.080
2025-09-10T10:05:19Z,1001.1,-1.858
2025-09-10T10:05:20Z,1001.1,-1.633
2025-09-10T10:05:21Z,1001.1,-1.363
2025-09-10T10:05:22Z,1001.1,-1.107
2025-09-10T10:05:23Z,1001.0,-0.946
2025-09-10T10:05:24Z,1001.0,-0.819
2025-09-10T10:05:25Z,1001.0,-0.742
2025-09-10T10:05:26Z,1001.0,-0.735
2025-09-10T10:05:27Z,1001.0,-0.724
2025-09-10T10:05:29Z,1001.0,-0.708
2025-09-10T10:05:30Z,1001.0,-0.698
2025-09-10T10:05:31Z,1001.0,-0.684
2025-09-10T10:05:32Z,1001.0,-0.661
2025-09-10T10:05:33Z,1001.0,-0.661
2025-09-10T10:05:34Z,1001.0,-0.658
2025-09-10T10:05:35Z,1001.0,-0.658
2025-09-10T10:05:36Z,1001.0,-0.658
2025-09-10T10:05:37Z,1001.0,-0.661
2025-09-10T10:05:38Z,1001.0,-0.661
2025-09-10T10:05:39Z,1001.0,-0.671
2025-09-10T10:05:40Z,1001.0,-0.679
2025-09-10T10:05:41Z,1001.0,-0.782
2025-09-10T10:05:42Z,1001.0,-0.877
2025-09-10T10:05:44Z,1001.0,-0.988
2025-09-10T10:05:45Z,1001.1,-1.126
2025-09-10T10:05:46Z,1001.1,-1.276
2025-09-10T10:05:47Z,1001.1,-1.324
2025-09-10T10:05:48Z,1001.1,-1.379
2025-09-10T10:05:49Z,1001.1,-1.411
2025-09-10T10:05:50Z,1001.1,-1.411
2025-09-10T10:05:51Z,1001.1,-1.374
2025-09-10T10:05:52Z,1001.1,-1.345
2025-09-10T10:05:53Z,1001.1,-1.311
2025-09-10T10:05:54Z,1001.1,-1.266
2025-09-10T10:05:55Z,1001.1,-1.229
2025-09-10T10:05:56Z,1001.1,-1.205
2025-09-10T10:05:58Z,1001.1,-1.184
2025-09-10T10:05:59Z,1001.1,-1.155
2025-09-10T10:06:00Z,1001.1,-1.118
2025-09-10T10:06:01Z,1001.1,-1.115
2025-09-10T10:06:02Z,1001.1,-1.099
2025-09-10T10:06:03Z,1001.1,-1.099
2025-09-10T10:06:04Z,1001.1,-1.091
2025-09-10T10:06:05Z,1001.1,-1.091
2025-09-10T10:06:06Z,1001.1,-1.120
2025-09-10T10:06:07Z,1001.1,-1.136
2025-09-10T10:06:08Z,1001.1,-1.155
2025-09-10T10:06:09Z,1001.1,-1.178
2025-09-10T10:06:10Z,1001.1,-1.205
2025-09-10T10:06:12Z,1001.1,-1.213
2025-09-10T10:06:13Z,1001.1,-1.234
2025-09-10T10:06:14Z,1001.1,-1.260
2025-09-10T10:06:15Z,1001.1,-1.289
2025-09-10T10:06:16Z,1001.1,-1.337
2025-09-10T10:06:17Z,1001.1,-1.366
2025-09-10T10:06:18Z,1001.1,-1.382
2025-09-10T10:06:19Z,1001.1,-1.414
2025-09-10T10:06:20Z,1001.1,-1.440
2025-09-10T10:06:21Z,1001.1,-1.461
2025-09-10T10:06:22Z,1001.1,-1.477
2025-09-10T10:06:23Z,1001.1,-1.509
2025-09-10T10:06:24Z,1001.1,-1.509
2025-09-10T10:06:26Z,1001.1,-1.511
2025-09-10T10:06:27Z,1001.1,-1.517
2025-09-10T10:06:28Z,1001.1,-1.533
2025-09-10T10:06:29Z,1001.1,-1.546
2025-09-10T10:06:30Z,1001.1,-1.567
2025-09-10T10:06:31Z,1001.1,-1.577
2025-09-10T10:06:32Z,1001.1,-1.577
2025-09-10T10:06:33Z,1001.1,-1.548
2025-09-10T10:06:34Z,1001.1,-1.466
2025-09-10T10:06:35Z,1001.1,-1.403
2025-09-10T10:06:36Z,1001.1,-1.326
2025-09-10T10:06:37Z,1001.1,-1.237
2025-09-10T10:06:38Z,1001.1,-1.141
2025-09-10T10:06:40Z,1001.1,-1.062
2025-09-10T10:06:41Z,1001.1,-1.062
2025-09-10T10:06:42Z,1001.1,-1.065
2025-09-10T10:06:43Z,1001.1,-1.123
2025-09-10T10:07:02Z,1001.1,-1.303
2025-09-10T10:07:02Z,1001.1,-1.305
2025-09-10T10:07:02Z,1001.1,-1.141
2025-09-10T10:07:02Z,1001.1,-1.110
2025-09-10T10:07:02Z,1001.1,-1.070
2025-09-10T10:07:02Z,1001.1,-1.247
2025-09-10T10:07:02Z,1001.0,-1.009
2025-09-10T10:07:02Z,1001.1,-1.305
2025-09-10T10:07:02Z,1001.1,-1.208
2025-09-10T10:07:02Z,1001.1,-1.044
2025-09-10T10:07:02Z,1001.0,-0.867
2025-09-10T10:07:02Z,1001.0,-0.679
2025-09-10T10:07:02Z,1001.0,-0.785
2025-09-10T10:07:02Z,1001.0,-0.499
2025-09-10T10:07:02Z,1001.0,-0.608
2025-09-10T10:07:02Z,1001.1,-1.200
2025-09-10T10:07:02Z,1001.0,-0.943
2025-09-10T10:07:02Z,1001.0,-0.433
2025-09-10T10:07:03Z,1001.0,-0.383
2025-09-10T10:07:04Z,1001.0,-0.330
2025-09-10T10:07:05Z,1001.0,-0.248
2025-09-10T10:07:06Z,1001.0,-0.240
2025-09-10T10:07:07Z,1001.0,-0.193
2025-09-10T10:07:09Z,1000.9,-0.153
2025-09-10T10:07:10Z,1000.9,-0.153
2025-09-10T10:07:11Z,1000.9,-0.153
2025-09-10T10:07:12Z,1000.9,-0.156
2025-09-10T10:07:13Z,1001.0,-0.198
2025-09-10T10:07:14Z,1001.0,-0.233
2025-09-10T10:07:15Z,1001.0,-0.259
2025-09-10T10:07:16Z,1001.0,-0.309
2025-09-10T10:07:17Z,1001.0,-0.373
2025-09-10T10:07:18Z,1001.0,-0.447
2025-09-10T10:07:19Z,1001.0,-0.505
2025-09-10T10:07:20Z,1001.0,-0.544
2025-09-10T10:07:21Z,1001.0,-0.544
2025-09-10T10:07:23Z,1001.0,-0.505
2025-09-10T10:07:24Z,1001.0,-0.470
2025-09-10T10:07:25Z,1001.0,-0.425
2025-09-10T10:07:26Z,1001.0,-0.394
2025-09-10T10:07:27Z,1001.0,-0.333
2025-09-10T10:07:28Z,1001.0,-0.219
2025-09-10T10:07:29Z,1000.9,-0.053
2025-09-10T10:07:30Z,1000.9,0.114
2025-09-10T10:07:31Z,1000.9,0.296
2025-09-10T10:07:32Z,1000.9,0.447
2025-09-10T10:07:33Z,1000.9,0.542
2025-09-10T10:07:34Z,1000.9,0.589
2025-09-10T10:07:35Z,1000.9,0.616
2025-09-10T10:07:37Z,1000.8,0.674
2025-09-10T10:07:38Z,1000.8,0.745
2025-09-10T10:07:39Z,1000.8,0.809
2025-09-10T10:07:40Z,1000.8,0.880
2025-09-10T10:07:41Z,1000.8,0.980
2025-09-10T10:07:42Z,1000.8,1.083
2025-09-10T10:07:43Z,1000.8,1.189
2025-09-10T10:07:44Z,1000.8,1.282
2025-09-10T10:07:45Z,1000.8,1.358
2025-09-10T10:07:46Z,1000.8,1.474
2025-09-10T10:07:47Z,1000.7,1.546
2025-09-10T10:07:48Z,1000.7,1.567
2025-09-10T10:07:49Z,1000.7,1.607
2025-09-10T10:07:51Z,1000.7,1.723
2025-09-10T10:07:52Z,1000.7,1.765
2025-09-10T10:07:53Z,1000.7,1.815
2025-09-10T10:07:54Z,1000.7,1.921
2025-09-10T10:07:55Z,1000.7,2.056
2025-09-10T10:07:56Z,1000.7,2.172
2025-09-10T10:07:57Z,1000.7,2.307
2025-09-10T10:07:58Z,1000.6,2.431
2025-09-10T10:07:59Z,1000.6,2.529
2025-09-10T10:08:00Z,1000.6,2.611
2025-09-10T10:08:01Z,1000.6,2.658
2025-09-10T10:08:02Z,1000.6,2.690
2025-09-10T10:08:03Z,1000.6,2.706
2025-09-10T10:08:05Z,1000.6,2.730
2025-09-10T10:08:06Z,1000.6,2.788
2025-09-10T10:08:07Z,1000.6,2.835
2025-09-10T10:08:08Z,1000.6,2.944
2025-09-10T10:08:09Z,1000.6,3.160
2025-09-10T10:08:10Z,1000.5,3.451
2025-09-10T10:08:11Z,1000.5,3.779
2025-09-10T10:08:12Z,1000.4,4.146
2025-09-10T10:08:13Z,1000.4,4.563
2025-09-10T10:08:14Z,1000.3,4.970
2025-09-10T10:08:15Z,1000.3,5.345
2025-09-10T10:08:16Z,1000.2,5.699
2025-09-10T10:08:17Z,1000.2,6.035
2025-09-10T10:08:19Z,1000.2,6.363
2025-09-10T10:08:20Z,1000.1,6.674
2025-09-10T10:08:21Z,1000.1,6.970
2025-09-10T10:08:22Z,1000.1,7.258
2025-09-10T10:08:23Z,1000.0,7.573
2025-09-10T10:08:24Z,1000.0,7.893
2025-09-10T10:08:25Z,1000.0,8.178
2025-09-10T10:08:26Z,999.9,8.358
2025-09-10T10:08:27Z,999.9,8.524
2025-09-10T10:08:28Z,999.9,8.627
2025-09-10T10:08:29Z,999.9,8.627
2025-09-10T10:08:30Z,999.9,8.643
2025-09-10T10:08:31Z,999.9,8.656
2025-09-10T10:08:32Z,999.9,8.667
2025-09-10T10:08:34Z,999.9,8.667
2025-09-10T10:08:35Z,999.9,8.617
2025-09-10T10:08:36Z,999.9,8.447
2025-09-10T10:08:37Z,999.9,8.294
2025-09-10T10:08:38Z,1000.0,8.062
2025-09-10T10:08:39Z,1000.0,7.795
2025-09-10T10:08:40Z,1000.0,7.488
2025-09-10T10:08:41Z,1000.1,7.266
2025-09-10T10:08:42Z,1000.1,6.981
2025-09-10T10:08:43Z,1000.1,6.635
2025-09-10T10:08:44Z,1000.2,6.307
2025-09-10T10:08:45Z,1000.2,5.980
2025-09-10T10:08:46Z,1000.3,5.631
2025-09-10T10:08:48Z,1000.3,5.253
2025-09-10T10:08:49Z,1000.3,4.899
2025-09-10T10:08:50Z,1000.4,4.553
2025-09-10T10:08:51Z,1000.4,4.185
2025-09-10T10:08:52Z,1000.5,3.834
2025-09-10T10:08:53Z,1000.5,3.538
2025-09-10T10:08:54Z,1000.5,3.292
2025-09-10T10:08:55Z,1000.6,3.052
2025-09-10T10:08:56Z,1000.6,2.840
2025-09-10T10:08:57Z,1000.6,2.656
2025-09-10T10:08:58Z,1000.6,2.497
2025-09-10T10:08:59Z,1000.6,2.344
2025-09-10T10:09:00Z,1000.7,2.185
2025-09-10T10:09:02Z,1000.7,2.082
2025-09-10T10:09:03Z,1000.7,2.024
2025-09-10T10:09:04Z,1000.7,1.958
2025-09-10T10:09:05Z,1000.7,1.937
2025-09-10T10:09:06Z,1000.7,1.937
2025-09-10T10:09:07Z,1000.7,1.976
2025-09-10T10:09:08Z,1000.7,1.982
2025-09-10T10:09:09Z,1000.7,1.982
2025-09-10T10:09:10Z,1000.7,1.953
2025-09-10T10:09:11Z,1000.7,1.953
2025-09-10T10:09:12Z,1000.7,1.958
2025-09-10T10:09:13Z,1000.7,1.998
2025-09-10T10:09:14Z,1000.7,2.066
2025-09-10T10:09:16Z,1000.7,2.169
2025-09-10T10:09:17Z,1000.7,2.238
2025-09-10T10:09:18Z,1000.7,2.238
2025-09-10T10:09:19Z,1000.7,2.201
2025-09-10T10:09:20Z,1000.7,2.124
2025-09-10T10:09:21Z,1000.7,2.043
2025-09-10T10:09:22Z,1000.7,2.011
2025-09-10T10:09:23Z,1000.7,1.998
2025-09-10T10:09:24Z,1000.7,1.998
2025-09-10T10:09:25Z,1000.7,2.021
2025-09-10T10:09:26Z,1000.7,2.082
2025-09-10T10:09:27Z,1000.7,2.132
2025-09-10T10:09:28Z,1000.7,2.209
2025-09-10T10:09:30Z,1000.7,2.272
2025-09-10T10:09:31Z,1000.6,2.391
2025-09-10T10:09:32Z,1000.6,2.481
2025-09-10T10:09:33Z,1000.6,2.529
2025-09-10T10:09:34Z,1000.6,2.552
2025-09-10T10:09:35Z,1000.6,2.563
2025-09-10T10:09:36Z,1000.6,2.566
2025-09-10T10:09:37Z,1000.6,2.566
2025-09-10T10:09:38Z,1000.6,2.595
2025-09-10T10:09:39Z,1000.6,2.706
2025-09-10T10:09:40Z,1000.6,2.827
2025-09-10T10:09:41Z,1000.6,2.936
2025-09-10T10:09:42Z,1000.6,3.060
2025-09-10T10:09:44Z,1000.5,3.213
2025-09-10T10:09:45Z,1000.5,3.308
2025-09-10T10:09:46Z,1000.5,3.451
2025-09-10T10:09:47Z,1000.5,3.594
2025-09-10T10:09:48Z,1000.5,3.728
2025-09-10T10:09:49Z,1000.5,3.850
2025-09-10T10:09:50Z,1000.5,3.985
2025-09-10T10:09:51Z,1000.4,4.088
2025-09-10T10:09:52Z,1000.4,4.204
2025-09-10T10:09:53Z,1000.4,4.336
2025-09-10T10:09:54Z,1000.4,4.455
2025-09-10T10:09:55Z,1000.4,4.590
2025-09-10T10:09:56Z,1000.4,4.717
2025-09-10T10:09:58Z,1000.4,4.828
2025-09-10T10:09:59Z,1000.3,4.899
2025-09-10T10:10:00Z,1000.3,5.002
2025-09-10T10:10:01Z,1000.3,5.126
2025-09-10T10:10:02Z,1000.3,5.240
2025-09-10T10:10:03Z,1000.3,5.359
2025-09-10T10:10:04Z,1000.3,5.512
2025-09-10T10:10:05Z,1000.3,5.604
2025-09-10T10:10:06Z,1000.3,5.668
2025-09-10T10:10:07Z,1000.2,5.723
2025-09-10T10:10:08Z,1000.2,5.792
2025-09-10T10:10:09Z,1000.2,5.882
2025-09-10T10:10:10Z,1000.2,6.043
2025-09-10T10:10:11Z,1000.2,6.244
2025-09-10T10:10:13Z,1000.2,6.455
2025-09-10T10:10:14Z,1000.1,6.608
2025-09-10T10:10:15Z,1000.1,6.714
2025-09-10T10:10:16Z,1000.1,6.746
2025-09-10T10:10:17Z,1000.1,6.748
2025-09-10T10:10:18Z,1000.1,6.748
2025-09-10T10:10:19Z,1000.1,6.799
2025-09-10T10:10:20Z,1000.1,6.904
2025-09-10T10:10:21Z,1000.1,7.042
2025-09-10T10:10:22Z,1000.1,7.219
2025-09-10T10:10:23Z,1000.0,7.409
2025-09-10T10:10:24Z,1000.0,7.615
2025-09-10T10:10:25Z,1000.0,7.808
2025-09-10T10:10:27Z,1000.0,7.972
2025-09-10T10:10:28Z,1000.0,8.146
2025-09-10T10:10:29Z,999.9,8.278
2025-09-10T10:10:30Z,999.9,8.437
2025-09-10T10:10:31Z,999.9,8.622
2025-09-10T10:10:32Z,999.9,8.846
2025-09-10T10:10:33Z,999.9,9.061
2025-09-10T10:10:34Z,999.8,9.277
2025-09-10T10:10:35Z,999.8,9.417
2025-09-10T10:10:36Z,999.8,9.528
2025-09-10T10:10:37Z,999.8,9.610
2025-09-10T10:10:38Z,999.8,9.692
2025-09-10T10:10:39Z,999.8,9.792
2025-09-10T10:10:41Z,999.7,9.956
2025-09-10T10:10:42Z,999.7,10.141
2025-09-10T10:10:43Z,999.7,10.382
2025-09-10T10:10:44Z,999.7,10.633
2025-09-10T10:10:45Z,999.6,10.878
2025-09-10T10:10:46Z,999.6,11.161
2025-09-10T10:10:47Z,999.6,11.497
2025-09-10T10:10:48Z,999.5,11.851
2025-09-10T10:10:49Z,999.5,12.255
2025-09-10T10:10:50Z,999.4,12.641
2025-09-10T10:10:51Z,999.4,13.013
2025-09-10T10:10:52Z,999.3,13.323
2025-09-10T10:10:53Z,999.3,13.592
2025-09-10T10:10:55Z,999.3,13.835
2025-09-10T10:10:56Z,999.2,14.121
2025-09-10T10:10:57Z,999.2,14.446
2025-09-10T10:10:58Z,999.2,14.755
2025-09-10T10:10:59Z,999.1,15.067
2025-09-10T10:11:00Z,999.1,15.376
2025-09-10T10:11:01Z,999.1,15.629
2025-09-10T10:11:02Z,999.0,15.835
2025-09-10T10:11:03Z,999.0,16.100
2025-09-10T10:11:04Z,999.0,16.417
2025-09-10T10:11:05Z,998.9,16.736
2025-09-10T10:11:06Z,998.9,17.064
2025-09-10T10:11:07Z,998.9,17.416
2025-09-10T10:11:09Z,998.8,17.772
2025-09-10T10:11:10Z,998.8,18.084
2025-09-10T10:11:11Z,998.8,18.309
2025-09-10T10:11:12Z,998.7,18.502
2025-09-10T10:11:13Z,998.7,18.636
2025-09-10T10:11:14Z,998.7,18.710
2025-09-10T10:11:15Z,998.7,18.731
2025-09-10T10:11:16Z,998.7,18.731
2025-09-10T10:11:17Z,998.7,18.615
2025-09-10T10:11:18Z,998.7,18.499
2025-09-10T10:11:19Z,998.8,18.272
2025-09-10T10:11:20Z,998.8,17.989
2025-09-10T10:11:21Z,998.8,17.698
2025-09-10T10:11:23Z,998.9,17.458
2025-09-10T10:11:24Z,998.9,17.143
2025-09-10T10:11:25Z,998.9,16.906
2025-09-10T10:11:26Z,998.9,16.678
2025-09-10T10:11:27Z,999.0,16.422
2025-09-10T10:11:28Z,999.0,16.158
2025-09-10T10:11:29Z,999.0,15.952
2025-09-10T10:11:30Z,999.1,15.746
2025-09-10T10:11:31Z,999.1,15.563
2025-09-10T10:11:32Z,999.1,15.429
2025-09-10T10:11:33Z,999.1,15.349
2025-09-10T10:11:34Z,999.1,15.278
2025-09-10T10:11:35Z,999.1,15.209
2025-09-10T10:11:37Z,999.1,15.127
2025-09-10T10:11:38Z,999.1,15.035
2025-09-10T10:11:39Z,999.1,15.032
2025-09-10T10:11:40Z,999.1,15.032
2025-09-10T10:11:41Z,999.1,15.140
2025-09-10T10:11:42Z,999.1,15.283
2025-09-10T10:11:43Z,999.1,15.489
2025-09-10T10:11:44Z,999.1,15.730
2025-09-10T10:11:45Z,999.0,15.883
2025-09-10T10:11:46Z,999.0,16.005
2025-09-10T10:11:47Z,999.0,16.123
2025-09-10T10:11:48Z,999.0,16.192
2025-09-10T10:11:49Z,999.0,16.242
2025-09-10T10:11:51Z,999.0,16.319
2025-09-10T10:11:52Z,999.0,16.409
2025-09-10T10:11:53Z,999.0,16.485
2025-09-10T10:11:54Z,999.0,16.588
2025-09-10T10:11:55Z,998.9,16.742
2025-09-10T10:11:56Z,998.9,16.855
2025-09-10T10:11:57Z,998.9,16.937
2025-09-10T10:11:58Z,998.9,17.019
2025-09-10T10:11:59Z,998.9,17.101
2025-09-10T10:12:00Z,998.9,17.178
2025-09-10T10:12:01Z,998.9,17.289
2025-09-10T10:12:02Z,998.9,17.397
2025-09-10T10:12:03Z,998.8,17.511
2025-09-10T10:12:05Z,998.8,17.632
2025-09-10T10:12:06Z,998.8,17.762
2025-09-10T10:12:07Z,998.8,17.873
2025-09-10T10:12:08Z,998.8,17.973
2025-09-10T10:26:53Z,998.8,18.314
2025-09-10T10:26:53Z,998.8,18.216
2025-09-10T10:26:53Z,998.7,18.383
2025-09-10T10:26:53Z,998.7,18.546
2025-09-10T10:26:53Z,998.7,18.721
2025-09-10T10:26:53Z,998.7,18.483
2025-09-10T10:26:53Z,998.7,18.800
2025-09-10T10:26:53Z,998.7,18.871
2025-09-10T10:26:53Z,998.7,18.996
2025-09-10T10:26:53Z,998.7,19.154
2025-09-10T10:26:53Z,998.6,19.228
2025-09-10T10:26:53Z,998.8,18.108
2025-09-10T10:26:53Z,998.7,18.649
2025-09-10T10:26:53Z,998.6,19.323
2025-09-10T10:26:53Z,998.6,19.632
2025-09-10T10:26:53Z,998.6,19.556
2025-09-10T10:26:53Z,998.6,19.831
2025-09-10T10:26:53Z,998.6,19.963
2025-09-10T10:26:53Z,998.5,20.090
2025-09-10T10:26:53Z,998.5,20.227
2025-09-10T10:26:53Z,998.5,20.359
2025-09-10T10:26:53Z,998.5,20.452
2025-09-10T10:26:53Z,998.7,18.945
2025-09-10T10:26:53Z,998.6,19.469
2025-09-10T10:26:53Z,998.6,19.712
2025-09-10T10:26:53Z,998.5,20.790
2025-09-10T10:26:53Z,998.6,19.408
2025-09-10T10:26:53Z,998.5,20.695
2025-09-10T10:26:53Z,998.5,20.518
2025-09-10T10:26:53Z,998.4,20.999
2025-09-10T10:26:53Z,998.4,21.146
2025-09-10T10:26:53Z,998.4,21.199
2025-09-10T10:26:53Z,998.4,21.273
2025-09-10T10:26:53Z,998.4,21.363
2025-09-10T10:26:53Z,998.4,21.559
2025-09-10T10:26:53Z,998.7,19.070
2025-09-10T10:26:53Z,998.4,21.474
2025-09-10T10:26:53Z,998.3,21.847
2025-09-10T10:26:53Z,998.3,21.915
2025-09-10T10:26:53Z,998.3,21.987
2025-09-10T10:26:53Z,998.3,21.752
2025-09-10T10:26:53Z,998.3,22.024
2025-09-10T10:26:53Z,998.4,20.895
2025-09-10T10:26:53Z,998.3,22.018
2025-09-10T10:26:53Z,998.3,22.040
2025-09-10T10:26:53Z,998.3,21.989
2025-09-10T10:26:53Z,998.4,21.662
2025-09-10T10:26:53Z,998.4,21.054
2025-09-10T10:26:53Z,998.3,21.855
2025-09-10T10:26:53Z,998.3,21.958
2025-09-10T10:26:53Z,998.3,21.915
2025-09-10T10:26:53Z,998.5,20.610
2025-09-10T10:26:53Z,998.3,22.040
2025-09-10T10:26:53Z,998.3,21.807
2025-09-10T10:26:53Z,998.3,21.754
2025-09-10T10:26:54Z,1009.4,-71.271
2025-09-10T10:26:55Z,1009.4,-71.316
2025-09-10T10:26:56Z,1009.5,-71.427
2025-09-10T10:26:57Z,1009.5,-71.586
2025-09-10T10:26:58Z,1009.5,-71.805
2025-09-10T10:27:00Z,1009.5,-71.945
2025-09-10T10:27:01Z,1009.5,-71.979
2025-09-10T10:27:02Z,1009.5,-72.133
2025-09-10T10:27:03Z,1009.5,-72.233
2025-09-10T10:27:04Z,1009.6,-72.294
2025-09-10T10:27:05Z,1009.6,-72.302
2025-09-10T10:27:06Z,1009.6,-72.302
2025-09-10T10:27:07Z,1009.5,-72.238
2025-09-10T10:27:09Z,1009.5,-72.085
2025-09-10T10:27:10Z,1009.5,-71.839
2025-09-10T10:27:11Z,1009.5,-71.538
2025-09-10T10:27:12Z,1009.4,-71.176
2025-09-10T10:27:13Z,1009.4,-70.780
2025-09-10T10:27:14Z,1009.3,-70.452
2025-09-10T10:27:15Z,1009.3,-70.193
2025-09-10T10:27:16Z,1009.3,-70.014
2025-09-10T10:27:17Z,1009.3,-69.868
2025-09-10T10:27:18Z,1009.3,-69.837
2025-09-10T10:27:19Z,1009.3,-69.837
2025-09-10T10:27:20Z,1009.3,-69.929
2025-09-10T10:27:21Z,1009.3,-70.072
2025-09-10T10:27:23Z,1009.3,-70.265
2025-09-10T10:27:24Z,1009.3,-70.508
2025-09-10T10:27:25Z,1009.4,-70.782
2025-09-10T10:27:26Z,1009.4,-71.060
2025-09-10T10:27:27Z,1009.4,-71.353
2025-09-10T10:27:28Z,1009.5,-71.665
2025-09-10T10:27:29Z,1009.5,-71.972
2025-09-10T10:27:30Z,1009.6,-72.270
2025-09-10T10:27:31Z,1009.6,-72.540
2025-09-10T10:27:32Z,1009.6,-72.791
2025-09-10T10:27:33Z,1009.6,-73.034
2025-09-10T10:27:34Z,1009.7,-73.301
2025-09-10T10:27:35Z,1009.7,-73.562
2025-09-10T10:27:37Z,1009.7,-73.842
2025-09-10T10:27:38Z,1009.8,-74.112
2025-09-10T10:27:39Z,1009.8,-74.384
2025-09-10T10:27:40Z,1009.8,-74.553
2025-09-10T10:27:41Z,1009.8,-74.704
2025-09-10T10:27:42Z,1009.9,-74.794
2025-09-10T10:27:43Z,1009.9,-74.860
2025-09-10T10:27:44Z,1009.9,-74.875
2025-09-10T10:27:45Z,1009.9,-74.957
2025-09-10T10:27:46Z,1009.9,-75.045
2025-09-10T10:27:47Z,1009.9,-75.153
2025-09-10T10:27:48Z,1009.9,-75.303
2025-09-10T10:27:49Z,1009.9,-75.483
2025-09-10T10:27:51Z,1010.0,-75.660
2025-09-10T10:27:52Z,1010.0,-75.829
2025-09-10T10:27:53Z,1010.0,-75.988
2025-09-10T10:27:54Z,1010.0,-76.168
2025-09-10T10:27:55Z,1010.0,-76.337
2025-09-10T10:27:56Z,1010.1,-76.498
2025-09-10T10:27:57Z,1010.1,-76.646
2025-09-10T10:27:58Z,1010.1,-76.802
2025-09-10T10:27:59Z,1010.1,-76.981
2025-09-10T10:28:00Z,1010.1,-77.198
2025-09-10T10:28:01Z,1010.2,-77.425
2025-09-10T10:28:02Z,1010.2,-77.642
2025-09-10T10:28:03Z,1010.2,-77.851
2025-09-10T10:28:04Z,1010.2,-78.004
2025-09-10T10:28:06Z,1010.2,-78.075
2025-09-10T10:28:07Z,1010.2,-78.075
2025-09-10T10:28:08Z,1010.2,-78.046
2025-09-10T10:28:09Z,1010.2,-77.970
2025-09-10T10:28:10Z,1010.2,-77.906
2025-09-10T10:28:11Z,1010.2,-77.861
2025-09-10T10:28:12Z,1010.2,-77.835
2025-09-10T10:28:13Z,1010.2,-77.827
2025-09-10T10:28:14Z,1010.2,-77.824
2025-09-10T10:28:15Z,1010.2,-77.697
2025-09-10T10:28:16Z,1010.2,-77.499
2025-09-10T10:28:17Z,1010.1,-77.246
2025-09-10T10:28:18Z,1010.1,-76.963
2025-09-10T10:28:20Z,1010.1,-76.683
2025-09-10T10:28:21Z,1010.1,-76.440
2025-09-10T10:28:22Z,1010.0,-76.242
2025-09-10T10:28:23Z,1010.0,-76.101
2025-09-10T10:28:24Z,1010.0,-75.961
2025-09-10T10:28:25Z,1010.0,-75.819
2025-09-10T10:28:26Z,1010.0,-75.695
2025-09-10T10:28:27Z,1010.0,-75.581
2025-09-10T10:28:28Z,1009.9,-75.457
2025-09-10T10:28:29Z,1009.9,-75.338
2025-09-10T10:28:30Z,1009.9,-75.216
2025-09-10T10:28:31Z,1009.9,-75.113
2025-09-10T10:28:32Z,1009.9,-75.013
2025-09-10T10:28:34Z,1009.9,-74.952
2025-09-10T10:28:35Z,1009.9,-74.918
2025-09-10T10:28:36Z,1009.9,-74.915
2025-09-10T10:28:37Z,1009.9,-74.915
2025-09-10T10:28:38Z,1009.9,-74.939
2025-09-10T10:28:39Z,1009.9,-74.957
2025-09-10T10:28:40Z,1009.9,-74.981
2025-09-10T10:28:41Z,1009.9,-75.005
2025-09-10T10:28:42Z,1009.9,-75.047
2025-09-10T10:28:43Z,1009.9,-75.084
2025-09-10T10:28:44Z,1009.9,-75.113
2025-09-10T10:28:45Z,1009.9,-75.145
2025-09-10T10:28:46Z,1009.9,-75.169
2025-09-10T10:28:48Z,1009.9,-75.190
2025-09-10T10:28:49Z,1009.9,-75.214
2025-09-10T10:28:50Z,1009.9,-75.264
2025-09-10T10:28:51Z,1009.9,-75.309
2025-09-10T10:28:52Z,1009.9,-75.340
2025-09-10T10:28:53Z,1009.9,-75.393
2025-09-10T10:28:54Z,1009.9,-75.430
2025-09-10T10:28:55Z,1009.9,-75.438
2025-09-10T10:28:56Z,1009.9,-75.528
2025-09-10T10:28:57Z,1010.0,-75.761
2025-09-10T10:28:58Z,1010.0,-76.057
2025-09-10T10:28:59Z,1010.0,-76.339
2025-09-10T10:29:00Z,1010.1,-76.577
2025-09-10T10:29:02Z,1010.1,-76.730
2025-09-10T10:29:03Z,1010.1,-76.730
2025-09-10T10:29:04Z,1010.1,-76.667
2025-09-10T10:29:05Z,1010.1,-76.606
2025-09-10T10:29:06Z,1010.1,-76.598
2025-09-10T10:29:07Z,1010.1,-76.598
2025-09-10T10:29:08Z,1010.1,-76.646
2025-09-10T10:29:09Z,1010.1,-76.709
2025-09-10T10:29:10Z,1010.1,-76.733
2025-09-10T10:29:11Z,1010.1,-76.733
2025-09-10T10:29:12Z,1010.1,-76.656
2025-09-10T10:29:13Z,1010.1,-76.540
2025-09-10T10:29:14Z,1010.1,-76.503
2025-09-10T10:29:16Z,1010.1,-76.503
2025-09-10T10:29:17Z,1010.1,-76.530
2025-09-10T10:29:18Z,1010.1,-76.530
2025-09-10T10:29:19Z,1010.1,-76.527
2025-09-10T10:29:20Z,1010.1,-76.522
2025-09-10T10:29:21Z,1010.0,-76.350
2025-09-10T10:29:22Z,1010.0,-76.131
2025-09-10T10:29:23Z,1010.0,-75.948
2025-09-10T10:29:24Z,1010.0,-75.734
2025-09-10T10:29:25Z,1009.9,-75.457
2025-09-10T10:29:26Z,1009.9,-75.248
2025-09-10T10:29:27Z,1009.9,-75.121
2025-09-10T10:29:28Z,1009.9,-75.013
2025-09-10T10:29:30Z,1009.9,-75.008
2025-09-10T10:29:31Z,1009.9,-74.963
2025-09-10T10:29:32Z,1009.9,-74.923
2025-09-10T10:29:33Z,1009.9,-74.891
2025-09-10T10:29:34Z,1009.9,-74.875
2025-09-10T10:29:35Z,1009.9,-74.875
2025-09-10T10:29:36Z,1009.9,-74.889
2025-09-10T10:29:37Z,1009.9,-74.902
2025-09-10T10:29:38Z,1009.9,-74.918
2025-09-10T10:29:39Z,1009.9,-74.918
2025-09-10T10:29:40Z,1009.9,-74.920
2025-09-10T10:29:41Z,1009.9,-74.920
2025-09-10T10:29:42Z,1009.9,-74.931
2025-09-10T10:29:43Z,1009.9,-74.931
2025-09-10T10:29:45Z,1009.9,-74.934
2025-09-10T10:29:46Z,1009.9,-74.947
2025-09-10T10:29:47Z,1009.9,-74.947
2025-09-10T10:29:48Z,1009.9,-74.918
2025-09-10T10:29:49Z,1009.9,-74.897
2025-09-10T10:29:50Z,1009.9,-74.883
2025-09-10T10:29:51Z,1009.9,-74.881
2025-09-10T10:29:52Z,1009.9,-74.881
2025-09-10T10:29:53Z,1009.9,-74.902
2025-09-10T10:29:54Z,1009.9,-74.923
2025-09-10T10:29:55Z,1009.9,-74.931
2025-09-10T10:29:56Z,1009.9,-74.931
2025-09-10T10:29:57Z,1009.9,-74.841
2025-09-10T10:29:59Z,1009.9,-74.759
2025-09-10T10:30:00Z,1009.8,-74.659
2025-09-10T10:30:01Z,1009.8,-74.587
2025-09-10T10:30:02Z,1009.8,-74.519
2025-09-10T10:30:03Z,1009.8,-74.519
2025-09-10T10:30:04Z,1009.8,-74.548
2025-09-10T10:30:05Z,1009.8,-74.556
2025-09-10T10:30:06Z,1009.8,-74.556
2025-09-10T10:30:07Z,1009.8,-74.542
2025-09-10T10:30:08Z,1009.8,-74.535
2025-09-10T10:30:09Z,1009.8,-74.529
2025-09-10T10:30:10Z,1009.8,-74.527
2025-09-10T10:30:11Z,1009.8,-74.527
